track_id,track_name,artist_name,album_name,genre,popularity,acousticness,danceability,energy,instrumentalness,liveness,speechiness,valence,tempo,key,mode,loudness,time_signature,total_plays,total_minutes,avg_skip_rate,years_active
3SUusuA9jH1v6PVwtYMbdv,Last Nite,The Strokes,Is This It,Rock,70,0.0223,0.624,0.899,0.000155,0.0975,0.0295,0.797,104.055,C,Major,-5.71,4/4,374,680.4,0.422,"[2017, 2018, 2020, 2021, 2022, 2023, 2024]"
0FgNSsaSZTvbLXUumSO8LQ,Star Treatment,Arctic Monkeys,Tranquility Base Hotel & Casino,Rock,63,0.243,0.581,0.767,0.00131,0.141,0.0527,0.673,120.07,G,Minor,-5.026,4/4,372,1423.9,0.368,"[2018, 2019, 2020, 2021]"
31u6rUeIEXGrYVoh10U7eu,Leave It In My Dreams,The Voidz,Virtue,Alternative,53,0.0226,0.6,0.746,0.0119,0.109,0.0355,0.614,118.551,E,Minor,-4.696,4/4,316,900.6,0.384,"[2018, 2020, 2022, 2024, 2025]"
1Xtz05nIgJiEYdncfd1w8h,Soledad y el Mar (feat. Los Macorinos),Natalia Lafourcade,"Musas (Un Homenaje al Folclore Latinoamericano en Manos de Los Macorinos, Vol. 1)",Rock,60,0.896,0.726,0.177,2.14e-06,0.116,0.0353,0.618,92.934,C#,Minor,-14.824,4/4,300,628.1,0.382,"[2019, 2020, 2021]"
5uplevkaUGRLExATEbSQiR,Someday,The Growlers,Hung At Heart,Indie,48,0.953,0.402,0.772,0.86,0.172,0.0394,0.748,156.116,A#,Major,-4.578,4/4,293,619.4,0.343,"[2017, 2018, 2019]"
1XGwjdHXHNu3842f75eg3T,The Waiting,Angel Olsen,Half Way Home,Folk,42,0.72,0.606,0.492,0.0,0.125,0.0419,0.616,108.289,G,Major,-8.247,4/4,287,855.2,0.201,"[2022, 2023]"
2AKwcNHeGAqCpD6etK425X,One Point Perspective,Arctic Monkeys,Tranquility Base Hotel & Casino,Indie,62,0.057,0.714,0.585,0.00444,0.144,0.0419,0.842,77.104,G#,Major,-4.57,4/4,250,562.2,0.352,"[2018, 2019, 2020, 2021]"
7hm4HTk9encxT0LYC0J6oI,Someday,The Strokes,Is This It,Children’s Music,68,0.00425,0.538,0.52,0.0,0.367,0.0299,0.678,106.031,A,Major,-7.46,4/4,249,363.7,0.504,"[2017, 2021, 2022, 2023, 2024]"
5FVd6KXrgO9B3JPmC8OPst,Do I Wanna Know?,Arctic Monkeys,AM,Rock,84,0.186,0.548,0.532,0.000263,0.217,0.0323,0.405,85.03,F,Major,-7.596,4/4,238,535.1,0.369,"[2017, 2018, 2020]"
03v70ZBxmcPX3RWAZMzqaW,Clouds,BØRNS,Dopamine,Pop,58,0.194,0.644,0.478,0.00376,0.106,0.0529,0.496,159.898,B,Major,-6.469,4/4,234,628.2,0.132,[2021]
7seSDB6TiLZarbicyDIjiQ,Batphone,Arctic Monkeys,Tranquility Base Hotel & Casino,Rock,56,0.312,0.675,0.681,0.0,0.304,0.0356,0.675,106.521,F,Minor,-5.728,4/4,226,859.6,0.146,"[2018, 2019]"
3Y4rUyw7XBCK6hGHCOt6rp,"Call It Fate, Call It Karma",The Strokes,Comedown Machine,Rock,63,0.983,0.544,0.241,0.774,0.101,0.03,0.359,109.437,E,Minor,-14.779,4/4,216,446.0,0.357,"[2017, 2018, 2019, 2020, 2024]"
4VysGAsuHWHDxasPnTgwbo,The Ultracheese,Arctic Monkeys,Tranquility Base Hotel & Casino,Indie,60,0.624,0.476,0.555,3.98e-05,0.126,0.0404,0.426,131.497,A,Major,-6.551,3/4,216,454.1,0.341,"[2018, 2019, 2020]"
1JdArJ9NKCF9TQASGQgszg,The World's First Ever Monster Truck Front Flip,Arctic Monkeys,Tranquility Base Hotel & Casino,Indie,55,0.346,0.602,0.601,0.349,0.0735,0.0303,0.553,145.075,A#,Major,-5.742,4/4,203,485.4,0.222,"[2018, 2019]"
5Wyy2JHaM8cKEN6YDC6C8O,Pressure To Party,Julia Jacklin,Crushing,Indie,50,0.000124,0.483,0.81,4.79e-05,0.118,0.0366,0.382,141.906,E,Major,-3.949,4/4,197,402.6,0.302,"[2021, 2022]"
4kiMvD7yPec5viFrCQDiYK,Henrietta,The Fratellis,Costello Music,Indie,48,0.023,0.609,0.951,0.0,0.136,0.0918,0.872,122.455,F#,Minor,-3.267,4/4,191,310.6,0.428,"[2021, 2022, 2023, 2024, 2025]"
6EvUAsfncetT0RcWshHCbl,I'll Come Too,James Blake,Assume Form,R&B,68,0.757,0.661,0.472,0.00275,0.192,0.164,0.206,73.986,G,Major,-7.889,4/4,190,572.6,0.268,"[2019, 2020, 2021, 2023]"
57Xjny5yNzAcsxnusKmAfA,Reptilia,The Strokes,Room On Fire,Indie,71,0.000563,0.486,0.666,0.789,0.101,0.033,0.741,157.992,A,Major,-5.084,4/4,188,384.8,0.402,"[2017, 2018, 2024]"
086myS9r57YsLbJpU0TgK9,Why'd You Only Call Me When You're High?,Arctic Monkeys,AM,Rock,78,0.0483,0.691,0.631,1.13e-05,0.104,0.0368,0.8,92.004,D,Major,-6.478,4/4,186,296.6,0.388,"[2017, 2018, 2020]"
6gU7ohksNd6LsEJMWfDRhp,Soma,The Strokes,Is This It,Rock,53,0.0747,0.499,0.706,0.00289,0.0753,0.0302,0.483,148.931,C,Major,-7.335,4/4,179,295.7,0.354,"[2017, 2021, 2023, 2024]"
2AT8iROs4FQueDv2c8q2KE,R U Mine?,Arctic Monkeys,AM,Rock,79,0.00616,0.288,0.758,0.0,0.303,0.0371,0.619,97.094,F#,Minor,-5.692,4/4,178,263.5,0.434,"[2017, 2018, 2020]"
6113aOfHIC0vbZVDZ6PpRV,Days,The Drums,Portamento,Indie,53,0.369,0.586,0.721,0.16,0.141,0.0289,0.657,84.987,D,Major,-7.743,4/4,178,589.5,0.325,"[2018, 2019]"
21Ay8Y9Pr91nSauPGtK6MW,Barely Legal,The Strokes,Is This It,Rock,55,0.00326,0.426,0.884,0.0495,0.0903,0.0365,0.852,157.811,C,Major,-6.279,4/4,170,399.1,0.294,"[2017, 2018, 2023, 2024]"
2CbtdkBeW9Znt4vXTOafAl,A Certain Romance,Arctic Monkeys,"Whatever People Say I Am, That's What I'm Not",Rock,54,0.000566,0.455,0.881,6.06e-05,0.11,0.0401,0.201,137.949,B,Major,-5.587,4/4,170,577.4,0.347,"[2019, 2022]"
3LkxF4JpVLJJcVuM55bXvR,Beach Rats,The Growlers,Hung At Heart,Indie,45,0.844,0.409,0.655,0.395,0.107,0.0297,0.608,75.266,D#,Minor,-5.466,3/4,166,360.5,0.326,"[2017, 2018]"
7KmawNv6JUgZ54gSyVF6VQ,Let Her Go,Mac DeMarco,Salad Days,Indie,59,0.00512,0.594,0.663,0.123,0.162,0.0292,0.806,111.123,F#,Major,-7.588,4/4,163,272.0,0.378,"[2017, 2018, 2019]"
7co8zvT6HJuyT81IDukyID,Tranquility Base Hotel & Casino,Arctic Monkeys,Tranquility Base Hotel & Casino,Rock,63,0.0411,0.584,0.835,0.0147,0.199,0.0297,0.781,142.2,A,Minor,-4.326,4/4,163,332.9,0.403,"[2018, 2019, 2020]"
0LtOwyZoSNZKJWHqjzADpW,Feels Like We Only Go Backwards,Tame Impala,Lonerism,Rock,73,0.0453,0.31,0.907,0.369,0.247,0.0591,0.516,149.931,D,Minor,-2.279,4/4,161,227.4,0.544,"[2017, 2018, 2019, 2023]"
3nhzPKCm2yqGmgEhdAg19u,Four Out Of Five,Arctic Monkeys,Tranquility Base Hotel & Casino,Indie,66,0.0626,0.601,0.863,0.0,0.0717,0.0685,0.676,130.189,C,Major,-4.31,4/4,161,446.4,0.432,"[2018, 2019, 2020]"
3n69hLUdIsSa1WlRmjMZlW,Breezeblocks,alt-J,An Awesome Wave,Indie,71,0.096,0.616,0.656,0.000879,0.205,0.0344,0.286,150.071,F,Major,-7.298,4/4,161,282.0,0.449,"[2017, 2018]"
6dU5RxthbuaN31bRbEDlNw,Everlasting Light,The Black Keys,Brothers,Rock,59,0.127,0.641,0.582,0.00632,0.354,0.0483,0.725,181.039,E,Major,-6.554,4/4,159,382.3,0.301,"[2017, 2023]"
4BOHngI1gLDA5OZFTZVAHl,One Million Lovers,The Growlers,Hung At Heart,Rock,54,0.713,0.5,0.723,0.00107,0.107,0.0322,0.677,101.97,F,Minor,-5.07,4/4,159,372.7,0.392,"[2017, 2018]"
5KupfEBaVJwL7D2ZN0n1Q1,Trying Your Luck,The Strokes,Is This It,Children’s Music,50,0.00855,0.503,0.689,0.0126,0.131,0.0313,0.615,143.906,A,Minor,-9.424,4/4,158,411.4,0.188,"[2017, 2018, 2024]"
1LzNfuep1bnAUR9skqdHCK,Fade Into You,Mazzy Star,So Tonight That I Might See,Children’s Music,72,0.245,0.42,0.33,0.000679,0.0677,0.0275,0.175,157.143,A,Major,-13.925,3/4,158,555.9,0.307,"[2021, 2023, 2025, 2026]"
4fPBB44eDH71YohayI4eKV,You Only Live Once,The Strokes,First Impressions Of Earth,Children’s Music,66,0.0238,0.63,0.908,0.592,0.116,0.0326,0.968,120.522,B,Major,-2.42,4/4,155,257.4,0.475,"[2017, 2021, 2022, 2023]"
0jBE7Fn78EAvmIs3dCd6GO,Is This It,The Strokes,Is This It,Indie,58,0.147,0.667,0.692,3.75e-05,0.349,0.0285,0.846,96.021,F,Major,-8.361,4/4,155,178.2,0.523,"[2017, 2018, 2023, 2024]"
4cQrSREMqBSvJ8ZzBZjVb8,Mile High (feat. Travis Scott & Metro Boomin),James Blake,Assume Form,Indie,79,0.403,0.754,0.37,6.22e-05,0.107,0.12,0.228,114.941,F#,Minor,-9.854,4/4,150,338.0,0.286,"[2019, 2020, 2025]"
0OM9ri37LIbPc9hffwsyb1,Hard To Explain,The Strokes,Is This It,Rock,60,0.000456,0.408,0.665,0.863,0.0888,0.0578,0.667,82.525,G,Major,-6.286,4/4,147,315.2,0.532,"[2017, 2023, 2024, 2026]"
61JDaStnXY3vbaEjliB5WA,Ghost Ship,Blur,The Magic Whip,Rock,61,0.0324,0.803,0.722,0.00264,0.0763,0.0377,0.857,139.981,D,Major,-6.421,4/4,147,377.3,0.385,"[2018, 2019, 2020]"
3kKb3U3a8jmUJQB9ypE1Jl,Under Control,The Strokes,Room On Fire,Indie,53,0.341,0.401,0.723,0.775,0.0543,0.0291,0.66,90.596,C#,Major,-4.651,4/4,147,313.9,0.302,"[2017, 2018, 2023]"
79DO6dBi8936P6EShLB209,Lightning Bolt,Jake Bugg,Jake Bugg,Indie,60,0.0818,0.551,0.839,0.0,0.151,0.0787,0.681,116.051,A,Major,-4.555,4/4,147,226.5,0.437,"[2022, 2023, 2024, 2025]"
7nzsY8vlnKdvGOEE0rjAXZ,Arabella,Arctic Monkeys,AM,Rock,74,0.0202,0.579,0.558,1.26e-06,0.212,0.0895,0.506,179.949,D,Major,-6.986,4/4,147,277.9,0.361,"[2017, 2020]"
17jEoYoOfRD6dvNCMmC9n4,City Club,The Growlers,City Club,Rock,59,0.00445,0.717,0.77,1.79e-06,0.214,0.0268,0.739,110.501,G,Major,-6.083,4/4,147,302.1,0.34,"[2017, 2018]"
08l9WKDuRyGeStQ9ojTlFh,Meet Me in the Bathroom,The Strokes,Room On Fire,Children’s Music,47,6.7e-05,0.426,0.94,0.883,0.0772,0.0337,0.595,139.952,G,Major,-3.973,4/4,145,297.8,0.214,"[2017, 2018]"
4xvpttkjjEH0l2hrizYla7,Perdido de Amor [Lost in Love],Luiz Bonfá,Solo in Rio 1959,Jazz,41,0.947,0.488,0.0374,0.000191,0.147,0.0403,0.259,87.275,G,Major,-22.637,4/4,145,317.7,0.331,[2020]
78Gzxi27GuNHTfkn2BylG4,What Ever Happened?,The Strokes,Room On Fire,Children’s Music,56,9.67e-05,0.547,0.599,0.679,0.229,0.0344,0.587,116.165,B,Major,-6.057,4/4,145,207.6,0.489,"[2017, 2018, 2022, 2023]"
7IUBw7EUgcjzGV6zv9fkLX,Secret Door,Arctic Monkeys,Humbug,Rock,48,0.0314,0.323,0.806,1.11e-05,0.181,0.0769,0.548,124.615,G,Minor,-6.554,4/4,143,286.7,0.427,[2019]
1FvDJ9KGxcqwv1utyPL3JZ,This Charming Man - 2011 Remaster,The Smiths,The Smiths,Indie,73,0.00509,0.611,0.846,0.0,0.0784,0.0436,0.751,103.912,B,Major,-5.9,4/4,142,194.5,0.458,"[2018, 2019, 2023, 2024]"
5JeZZtqY0loM9UHQVIChby,Some things Cosmic,Angel Olsen,Strange Cacti,Folk,41,0.919,0.214,0.182,0.00465,0.113,0.0368,0.104,143.171,G#,Major,-13.538,4/4,138,220.7,0.407,"[2022, 2023]"
2dEVAvwPAJrWFErXxREGVX,Eres Tú,Carla Morrison,Déjenme Llorar,Pop,69,0.806,0.618,0.307,0.0,0.108,0.046,0.458,188.115,D,Major,-10.875,4/4,137,321.8,0.333,"[2019, 2020]"
2b9D3N4pnBUbYXVi7vbWy4,Living In A Memory,The Growlers,Hung At Heart,Indie,45,0.188,0.416,0.668,0.637,0.728,0.0281,0.793,85.357,D,Major,-4.865,4/4,136,356.7,0.162,[2017]
3LueS3mbuB1yaJNN0Ale6U,Avant Gardener,Courtney Barnett,The Double EP: A Sea of Split Peas,Rock,53,0.00149,0.443,0.737,0.0032,0.121,0.0293,0.746,115.277,C,Major,-4.509,4/4,135,347.5,0.413,"[2021, 2022]"
1420BGhbXGkIJtbtBlfpYE,The Modern Age,The Strokes,Is This It,Rock,56,0.0116,0.528,0.888,0.762,0.154,0.0326,0.897,145.971,D,Major,-6.039,4/4,135,294.8,0.346,"[2017, 2023, 2024]"
57oJKJys4oC7NTR7hwZkPU,Science Fiction,Arctic Monkeys,Tranquility Base Hotel & Casino,Rock,55,0.0295,0.542,0.766,0.0802,0.396,0.0282,0.643,88.062,G,Major,-5.411,4/4,135,245.9,0.349,"[2018, 2019]"
4aCnN8VmKVqX4PnSB1Ie07,"Creator, Destroyer",Angel Olsen,Strange Cacti,Folk,42,0.846,0.401,0.29,0.0,0.111,0.029,0.0849,104.626,A#,Minor,-9.052,4/4,133,310.5,0.373,"[2022, 2023]"
2M7enaZSs1DRRjZscA4LAj,Reminiscing,The Buttertones,Buttertones,Rock,50,0.000591,0.399,0.707,0.201,0.126,0.0307,0.577,125.137,B,Major,-7.809,4/4,132,270.0,0.352,"[2020, 2022, 2023, 2024, 2025]"
58ge6dfP91o9oXMzq3XkIS,505,Arctic Monkeys,Favourite Worst Nightmare,Indie,63,0.00237,0.52,0.852,5.79e-05,0.0733,0.0543,0.234,140.267,C,Major,-5.866,4/4,131,257.3,0.408,"[2017, 2020]"
7eqoqGkKwgOaWNNHx90uEZ,Nights,Frank Ocean,Blonde,Hip-Hop,78,0.42,0.466,0.548,1.01e-06,0.113,0.118,0.423,89.815,F,Minor,-9.362,4/4,128,263.7,0.391,"[2017, 2018]"
7w6QlKAOcNEnqRgrnJvQtr,Stuck on the puzzle,Alex Turner,Submarine - Original Songs From The Film By Alex Turner,Rock,57,0.0792,0.58,0.682,0.0316,0.161,0.0332,0.774,77.53,E,Major,-8.523,4/4,128,349.0,0.29,"[2018, 2021]"
3BlsMrQVvRCk3jmmKV7otm,Island Music,Tennis,Yours Conditionally,Folk,42,0.956,0.29,0.465,0.912,0.0935,0.164,0.307,97.711,B,Minor,-18.178,4/4,127,258.5,0.443,"[2022, 2023]"
0mQiDbYxHElUp1eNpLZXaY,American Sports,Arctic Monkeys,Tranquility Base Hotel & Casino,Indie,57,0.00169,0.372,0.865,0.00293,0.127,0.0513,0.594,176.689,G,Minor,-4.288,3/4,127,230.0,0.286,"[2018, 2019]"
4ePP9So5xRzspjLFVVbj90,Two Princes,Spin Doctors,Pocket Full Of Kryptonite,Pop,73,0.00162,0.543,0.912,2.1e-06,0.0565,0.0601,0.836,103.731,G,Major,-10.71,4/4,126,375.5,0.246,[2018]
5HLes17mwCwKt81mi0Tk35,"Archie, Marry Me",Alvvays,Alvvays,Indie,58,0.00956,0.27,0.83,0.434,0.142,0.0741,0.205,117.314,G,Major,-4.592,4/4,125,245.7,0.369,"[2021, 2022]"
7gsArdm7rk6X6wsMr2QKWS,From The Ritz To The Rubble,Arctic Monkeys,"Whatever People Say I Am, That's What I'm Not",Rock,54,0.00147,0.216,0.882,0.0,0.308,0.0439,0.656,189.286,B,Minor,-5.176,4/4,125,232.0,0.348,"[2018, 2020, 2022]"
28kOpVf1aCgL0LSFfuKV4w,Oom Sha La La,Haley Heynderickx,I Need to Start a Garden,Indie,58,0.275,0.538,0.417,0.0,0.206,0.0361,0.252,115.422,D,Major,-9.176,4/4,124,210.4,0.394,"[2021, 2022]"
0hNhlwnzMLzZSlKGDCuHOo,Space Song,Beach House,Depression Cherry,Pop,67,0.218,0.509,0.79,0.125,0.144,0.0293,0.625,147.073,C,Minor,-7.105,4/4,124,404.7,0.29,[2019]
6QgPBFvt3r9LeZDL5YsgJO,Pet Shop Eyes,The Growlers,Hung At Heart,Indie,45,0.412,0.463,0.839,0.497,0.686,0.0342,0.852,115.7,F,Major,-2.971,4/4,124,231.8,0.371,"[2017, 2018]"
0BQH5uHglCuHVImyCjOOHc,Unknown Brother,The Black Keys,Brothers,Indie,48,0.466,0.5,0.552,0.00221,0.108,0.0413,0.209,83.81,A,Major,-7.888,4/4,124,326.4,0.406,"[2017, 2023]"
2N4idqj9TT3HnH2OFT9j0v,Still Beating,Mac DeMarco,This Old Dog,Indie,67,0.581,0.709,0.496,0.195,0.151,0.0417,0.469,78.477,C#,Minor,-10.528,4/4,123,289.8,0.195,[2017]
6sT8KTifge2F0lcdtyDkDa,The Next Time Around,Little Joy,Little Joy,Indie,42,0.844,0.748,0.605,0.0711,0.128,0.0316,0.964,120.019,A#,Major,-7.987,4/4,122,209.9,0.341,"[2018, 2019]"
4BMk6XhlXJW7ZgIS8vSBZk,Caderas Blancas,Mon Laferte,Norma,Children’s Music,64,0.244,0.652,0.834,9.25e-06,0.122,0.112,0.643,94.999,G#,Minor,-6.072,4/4,120,328.6,0.2,[2022]
2lffRiAET2Xt6BNb4EmkS2,80's Comedown Machine,The Strokes,Comedown Machine,Indie,54,0.00583,0.488,0.503,0.809,0.101,0.0326,0.38,144.035,C,Major,-8.89,4/4,119,347.6,0.265,"[2017, 2018]"
5HjqXQPZi27d92H5gCo1Oq,Making Breakfast,Twin Peaks,Wild Onion,Rock,49,0.000267,0.495,0.782,0.736,0.54,0.0315,0.451,116.114,A,Major,-4.694,4/4,119,196.1,0.321,"[2022, 2023, 2024]"
48ucaKjccruxDbi3Au5ZaH,The Bad Thing,Arctic Monkeys,Favourite Worst Nightmare,Indie,46,0.00118,0.545,0.953,0.0,0.26,0.0703,0.591,111.121,D,Major,-3.737,4/4,118,37.8,0.856,[2020]
1Dr5JexwA15wmKe7Y7maA9,Past Lives,BØRNS,Dopamine,Indie,63,0.0664,0.743,0.685,6.75e-05,0.0884,0.0975,0.443,109.988,E,Major,-6.863,4/4,117,336.0,0.325,[2021]
2H30WL3exSctlDC9GyRbD4,Live Well,Palace,So Long Forever,Soul,57,0.285,0.503,0.647,0.0,0.0719,0.0272,0.41,96.015,E,Minor,-5.367,3/4,116,277.1,0.457,[2021]
6VFaZ3zgXaRbc79GRqhbBz,Wink,The Voidz,Virtue,Alternative,39,0.171,0.56,0.79,0.0,0.291,0.0385,0.552,110.021,G,Major,-4.817,4/4,116,294.5,0.293,[2018]
0V34LU5aBA3hYgq178hFFY,Birds Dont Sing,TV Girl,French Exit,Rock,59,0.016,0.612,0.942,0.0,0.137,0.0568,0.807,106.57,G,Major,-4.549,4/4,116,292.7,0.38,"[2018, 2019]"
2jZgzSxNSg1hTCq0ewWHGJ,Junk Of The Heart (Happy),The Kooks,Junk Of The Heart,Indie,66,0.0212,0.604,0.894,0.0,0.0299,0.037,0.901,145.014,D,Major,-5.0,4/4,115,190.0,0.372,"[2017, 2018]"
2LGdO5MtFdyphi2EihANZG,Knee Socks,Arctic Monkeys,AM,Indie,69,0.123,0.665,0.542,0.00291,0.342,0.033,0.587,97.975,B,Minor,-8.323,4/4,114,235.3,0.425,"[2017, 2020]"
3iiObSfkcBsETljmSB4Hcs,When It Started,The Strokes,Is This It,Rock,49,0.265,0.722,0.654,0.00392,0.15,0.0328,0.904,131.962,C,Major,-8.107,4/4,114,185.9,0.378,"[2017, 2023, 2024]"
6YQeOwMMAkB9MV9yMWmrjh,Threat of Joy,The Strokes,Future Present Past,Indie,65,0.216,0.594,0.728,0.0881,0.124,0.0281,0.687,137.97,C,Major,-6.917,4/4,114,292.4,0.307,[2017]
01MO5Ib9mCG7srUhZl52BA,Going Gets Tough,The Growlers,Chinese Fountain,Indie,59,0.219,0.5,0.766,0.0,0.109,0.0327,0.738,162.058,G#,Major,-6.258,4/4,111,207.0,0.371,"[2017, 2018]"
5n0CTysih20NYdT2S0Wpe8,Trouble,Cage The Elephant,Tell Me I'm Pretty,Indie,72,0.392,0.47,0.623,0.000453,0.0992,0.0302,0.298,77.861,C,Major,-5.655,4/4,110,255.6,0.364,[2017]
4PGWramunj3Bsz5UXCu4ex,Anyways,Arctic Monkeys,Tranquility Base Hotel & Casino,Indie,60,0.529,0.284,0.576,3.91e-05,0.187,0.035,0.323,82.527,E,Major,-6.972,4/4,109,223.4,0.404,[2020]
2MVwrvjmcdt4MsYYLCYMt8,Tighten Up,The Black Keys,Brothers,Rock,64,0.00121,0.504,0.705,4.12e-06,0.453,0.0665,0.567,108.965,F#,Minor,-6.179,4/4,108,186.3,0.426,"[2017, 2023]"
7eX5SypK35V8Y9d9pS6rWy,I Can't Win,The Strokes,Room On Fire,Children’s Music,47,0.00492,0.473,0.745,0.634,0.105,0.0321,0.405,97.449,B,Major,-4.819,4/4,108,208.5,0.26,"[2017, 2018]"
3jp7Ryj1sX3riA7NQaVlLd,Whistle For The Choir,The Fratellis,Costello Music,Children’s Music,50,0.0591,0.579,0.686,0.0,0.0876,0.0338,0.761,131.634,E,Major,-4.336,4/4,108,200.2,0.464,"[2021, 2022, 2023, 2024, 2025]"
5Bp3OmGILMam5w6KnafdKY,Young Love (feat. Laura Marling),Mystery Jets,Twenty One,Dance,54,0.141,0.63,0.942,2.12e-06,0.0958,0.0869,0.753,136.155,E,Major,-5.186,4/4,108,169.4,0.505,"[2019, 2020]"
3IXRdLsQib8m0hBbQpe7T8,Hang Me Up To Dry,Cold War Kids,Robbers & Cowards,Children’s Music,62,0.0241,0.509,0.916,0.000402,0.36,0.0324,0.672,92.432,D,Major,-2.793,4/4,108,155.8,0.559,"[2021, 2022, 2023, 2024]"
59xYAblNy1Xr4U1IsJ3gZb,Simple As This,Jake Bugg,Jake Bugg,Indie,59,0.623,0.612,0.578,0.0,0.0983,0.025,0.696,96.985,G#,Major,-8.092,4/4,108,308.5,0.209,"[2017, 2022, 2023]"
3NmndGYOIYocA5OTHMVoaw,Golden Trunks,Arctic Monkeys,Tranquility Base Hotel & Casino,Indie,57,0.129,0.492,0.564,1.73e-05,0.131,0.0278,0.0896,92.544,D,Major,-5.811,4/4,107,206.4,0.299,"[2018, 2019]"
2EEinN4Zk8MUv4OQuLsTBj,Age of Consent - 2015 Remaster,New Order,Power Corruption and Lies,Electronic,65,0.00101,0.372,0.91,0.0944,0.13,0.0392,0.756,161.964,D,Major,-5.559,4/4,106,316.1,0.382,"[2020, 2021, 2024]"
1o22EcqsCANhwYdaNOSdwS,Tessellate,alt-J,An Awesome Wave,Rock,60,0.364,0.702,0.607,0.0263,0.123,0.0405,0.436,116.961,D,Major,-6.509,4/4,106,258.9,0.189,[2018]
4qjqO5m5e5vebk9upd7xUU,Never Gonna Give You Up,The Black Keys,Brothers,Rock,51,0.324,0.557,0.665,0.000281,0.0713,0.0328,0.437,75.805,F#,Minor,-6.19,4/4,105,216.8,0.362,"[2017, 2023]"
1W0OCrMsRP1SLTEdw3JwEz,"Sweet Dreams, TN",The Last Shadow Puppets,Everything You've Come To Expect,Rock,61,0.000878,0.282,0.566,0.0,0.38,0.0291,0.477,112.362,B,Minor,-6.924,3/4,104,196.8,0.431,"[2020, 2021]"
6pMRk6Tr05wmZSSINOqzE3,QYURRYUS,The Voidz,Virtue,Alternative,42,0.159,0.637,0.869,0.573,0.0832,0.108,0.604,103.892,C#,Major,-3.835,4/4,104,130.8,0.51,[2018]
269xqcgGTN9PlivhUkOLhX,In My Feelings,Lana Del Rey,Lust For Life,Pop,65,0.0553,0.54,0.674,0.0608,0.112,0.0802,0.309,89.933,D,Major,-6.351,4/4,104,270.7,0.202,"[2017, 2018]"
7Eso5mURNFprb5PmhOXDlf,La Plata (feat. Lalo Ebratt),Juanes,La Plata,Rock,78,0.201,0.762,0.74,0.0,0.275,0.226,0.961,167.881,C#,Minor,-4.72,4/4,102,263.4,0.157,[2019]
76GlO5H5RT6g7y0gev86Nk,Just like Heaven,The Cure,"Kiss Me, Kiss Me, Kiss Me",Children’s Music,65,0.0271,0.43,0.971,2.16e-05,0.185,0.0524,0.764,151.219,A,Major,-3.845,4/4,101,155.5,0.553,"[2019, 2024, 2026]"
2d3QlXE6FXFDeodiS66yjM,Weekend Friend,Goth Babe,Weekend Friend,Rock,61,0.032,0.409,0.594,0.0391,0.0904,0.031,0.212,110.187,C#,Major,-9.725,4/4,101,199.9,0.461,"[2019, 2020, 2025]"
6WVheb5G29cbDOzF4qMfli,Road Head,Japanese Breakfast,Soft Sounds from Another Planet,Pop,60,0.0978,0.54,0.674,0.156,0.147,0.0296,0.165,95.036,E,Major,-8.734,4/4,101,217.9,0.287,[2021]
5HgAZuHFAU5qLLMYuIQkgq,Run Right Back,The Black Keys,El Camino,Rock,56,0.03,0.511,0.766,0.00752,0.221,0.0473,0.632,79.963,D,Minor,-5.445,4/4,101,213.1,0.268,"[2023, 2024, 2025]"
6gGSSrKMiV2yec1DrqGhhy,Always Where I Need To Be,The Kooks,Konk,Rock,58,0.000146,0.331,0.961,0.0,0.322,0.0663,0.882,168.355,B,Major,-4.627,4/4,100,125.1,0.5,[2020]
6JuEshIRliNXRU1LXctRjZ,Halah,Mazzy Star,She Hangs Brightly,Children’s Music,51,0.23,0.622,0.448,0.0,0.102,0.0265,0.553,106.085,C,Major,-10.709,4/4,100,239.9,0.304,"[2021, 2023, 2026]"
6voR6zsWIn7vgZYGOFKYSZ,Can't Believe The Way We Flow,James Blake,Assume Form,Indie,65,0.705,0.259,0.536,0.000501,0.432,0.0367,0.29,143.948,G#,Major,-10.309,4/4,99,302.4,0.242,[2019]
43O3Iu8mDJy10i6k8SVRXX,Take It or Leave It,Cage The Elephant,Melophobia,Rock,57,0.0289,0.71,0.847,0.000332,0.0613,0.0892,0.65,119.943,C,Major,-3.009,4/4,99,254.5,0.172,[2017]
5rTIpPWeO0IL4HWlGWrz5G,Brianstorm,Arctic Monkeys,Favourite Worst Nightmare,Rock,55,8.39e-05,0.421,0.98,0.00125,0.237,0.212,0.435,165.193,C#,Major,-4.229,4/4,98,177.9,0.4,"[2023, 2024, 2025]"
7wmYgsLNRB9EpqpvR3hkvN,Problems III,The Growlers,Casual Acquaintances,Rock,54,0.0489,0.332,0.731,0.00347,0.178,0.0446,0.636,90.028,C,Major,-4.565,4/4,97,252.1,0.258,"[2018, 2024]"
582EVyAFKmKPa1bVPSDurJ,Two Fingers,Jake Bugg,Jake Bugg,Indie,61,0.00252,0.486,0.677,0.0,0.102,0.0314,0.913,120.576,F,Major,-5.227,4/4,97,143.4,0.461,"[2022, 2023, 2024]"
3EK4tGkSiO5xvvB5sM4tln,Amárrame,Mon Laferte,La Trenza,Children’s Music,72,0.247,0.563,0.674,0.00226,0.107,0.048,0.784,179.977,F,Minor,-4.554,4/4,97,183.0,0.419,"[2020, 2022, 2025]"
37y7iDayfwm3WXn5BiAoRk,Dark Red,Steve Lacy,Dark Red,R&B,68,0.449,0.603,0.783,7.96e-06,0.119,0.062,0.775,172.041,F#,Major,-4.023,4/4,97,160.6,0.433,[2019]
2HWFdHcyJAipiBNMoq0olx,Black Memories,The Growlers,Chinese Fountain,Indie,52,0.00625,0.614,0.577,0.0,0.152,0.0285,0.835,113.948,C,Major,-8.012,4/4,96,194.3,0.198,[2017]
26ZnmGlPGXaOzPDydAP9D5,She's Long Gone,The Black Keys,Brothers,Indie,52,0.0361,0.349,0.866,0.0406,0.216,0.112,0.488,167.951,B,Minor,-6.676,4/4,96,225.6,0.295,"[2017, 2023]"
0seTertVGvHrEJu7hlIWRq,Take It Or Leave It,The Strokes,Is This It,Rock,49,0.000959,0.43,0.913,0.369,0.137,0.0389,0.481,154.066,D,Minor,-6.203,4/4,95,194.9,0.287,"[2017, 2024]"
1sxUaLi0G2vB7dl4ogtCxH,Never Let You Go - 2008 Remaster,Third Eye Blind,Blue,Rock,64,0.0814,0.728,0.94,0.000162,0.109,0.0368,0.967,113.76,E,Major,-5.034,4/4,95,235.6,0.2,[2018]
5TTGoX70AFrTvuEtqHK37S,No. 1 Party Anthem,Arctic Monkeys,AM,Indie,67,0.33,0.505,0.698,0.0887,0.0966,0.0297,0.599,115.013,C,Major,-5.563,4/4,94,201.1,0.372,[2020]
6Yu1OL8I0D4vjOzYdsXYGK,12:51,The Strokes,Room On Fire,Indie,58,0.312,0.452,0.889,0.8,0.558,0.0379,0.591,145.056,E,Major,-3.838,4/4,93,119.1,0.539,"[2017, 2022, 2024]"
3geFzA6VBSNZUTmV3bCry6,Mardy Bum,Arctic Monkeys,"Whatever People Say I Am, That's What I'm Not",Rock,60,0.0288,0.634,0.599,0.0,0.197,0.0365,0.312,112.215,D,Major,-5.447,4/4,93,114.3,0.531,"[2019, 2022]"
2ZQ3CJY6iddn38oOoPGKfb,Night Ride,The Growlers,City Club,Rock,61,0.0136,0.613,0.724,0.0,0.12,0.0305,0.626,110.076,A,Minor,-4.798,4/4,93,213.0,0.285,"[2017, 2018]"
2UE4m8egf0aREmOi47sDOk,Next Girl,The Black Keys,Brothers,Rock,53,0.022,0.383,0.748,0.00014,0.114,0.0343,0.255,171.568,C#,Minor,-6.343,4/4,92,191.6,0.31,"[2017, 2023]"
26XfDH9AoT6dVpmKVJHBMf,Wavy Gravy,Okey Dokey,"Love You, Mean It",Indie,47,0.252,0.221,0.662,0.000149,0.266,0.0519,0.539,199.924,G,Major,-7.314,3/4,92,266.4,0.304,[2020]
7zpHInsypgrnY9zTeCXtI4,ALieNNatioN,The Voidz,Virtue,Alternative,41,0.211,0.61,0.823,0.0325,0.105,0.0323,0.456,92.989,F,Minor,-5.144,4/4,92,216.7,0.359,[2018]
4bKpnMKt2vBOQ1wZHGEJJO,No Buses,Arctic Monkeys,Who The F*** Are Arctic Monkeys?,Indie,51,0.155,0.481,0.524,0.000147,0.0523,0.0369,0.425,101.883,E,Major,-9.051,4/4,92,113.6,0.544,[2020]
4pDrMVAsQn0uqo9sb6C8E2,Reckless Serenade,Arctic Monkeys,Suck It and See,Indie,46,0.00037,0.585,0.694,0.0144,0.0724,0.0392,0.785,127.966,D,Major,-6.632,4/4,91,194.2,0.198,[2018]
0z9dPcBhJvqO06QMaKelUE,Drunk on Halloween,Wallows,Drunk on Halloween,Rock,62,0.231,0.631,0.634,1.3e-05,0.0924,0.0247,0.774,100.967,F#,Major,-4.456,4/4,91,214.4,0.338,"[2019, 2023, 2024]"
4vDQMtAXkPwRxEqM8oXtMQ,Omaha,Toro y Moi,Omaha,Dance,57,0.0645,0.618,0.498,0.0301,0.291,0.0259,0.818,80.055,D#,Major,-8.29,4/4,91,222.4,0.22,[2019]
0CZ8lquoTX2Dkg7Ak2inwA,1950,King Princess,1950,Pop,84,0.648,0.6,0.535,4.7e-06,0.162,0.107,0.269,71.912,E,Major,-7.043,4/4,91,211.1,0.352,[2021]
5Nhsz5O0DIS5Mh5E3tlBbp,Blood Under My Belt,The Drums,Abysmal Thoughts,Indie,51,0.0932,0.595,0.894,0.0165,0.2,0.0523,0.79,89.968,G,Major,-4.493,4/4,91,238.5,0.264,[2019]
1WbLKgeGt4Ilo74WTByV6r,Maud Gone,Car Seat Headrest,Teens of Style,Indie,52,0.0258,0.53,0.362,0.000601,0.101,0.0272,0.21,105.003,F,Major,-7.078,4/4,90,322.9,0.356,[2019]
4iURgDfsolmCJtknzWuyxj,These Girls,Sticky Fingers,Caress Your Soul,Reggae,66,0.327,0.358,0.585,2e-06,0.0864,0.0776,0.407,185.392,F#,Major,-8.762,4/4,90,185.8,0.3,[2020]
3xuRKGbalblooPG3Fojb4Y,Late Bloomers,The Growlers,Late Bloomers,Indie,46,0.00818,0.586,0.703,1.23e-06,0.107,0.0409,0.806,145.148,A,Major,-6.386,4/4,89,337.2,0.112,[2017]
4m3uMuu1gYYjZPtZvTOe6t,Orgasm of Death,The Growlers,Casual Acquaintances,Rock,50,0.000303,0.415,0.728,0.000106,0.595,0.0303,0.703,154.992,B,Minor,-5.568,4/4,89,273.1,0.348,"[2018, 2024, 2025]"
6K5GAopLZzzg0ZX8k5GWwh,The Start Of Something,Voxtrot,Raised By Wolves EP,Indie,56,0.179,0.632,0.733,1.04e-05,0.0988,0.0293,0.707,107.056,G#,Major,-6.924,4/4,89,152.6,0.461,[2018]
0NdTUS4UiNYCNn5FgVqKQY,Snap Out Of It,Arctic Monkeys,AM,Rock,73,0.249,0.728,0.638,0.0,0.116,0.0336,0.872,130.014,F,Minor,-6.455,4/4,89,150.2,0.365,"[2017, 2020]"
2y42MmBCfEhqIkFAJs0V8Z,Black Mud,The Black Keys,Brothers,Rock,52,0.253,0.515,0.502,0.883,0.345,0.058,0.374,143.937,B,Minor,-8.898,4/4,88,84.1,0.54,"[2017, 2023]"
4UmJMAY5TqXPAnsDW1Mci7,"Alone, Together",The Strokes,Is This It,Children’s Music,50,0.00778,0.515,0.863,0.896,0.0616,0.0308,0.961,143.017,G,Major,-5.756,4/4,87,186.9,0.249,"[2017, 2024]"
1Jte640nBiOWyuD7N0odNZ,In Transit,Albert Hammond Jr,Yours to Keep,Blues,42,0.00202,0.468,0.715,0.733,0.087,0.0558,0.6,141.01,E,Minor,-3.101,4/4,87,141.5,0.474,"[2020, 2022]"
0JxNCIvcLphN1oAafpvDWW,I'll Be Around,The Growlers,City Club,Rock,57,0.000833,0.475,0.899,1.1e-06,0.19,0.056,0.911,92.101,C#,Minor,-3.347,4/4,87,176.1,0.345,[2017]
3buvRn4CDX86EO9LHTITGn,Heartbreaker - Remaster,Led Zeppelin,Led Zeppelin II,Rock,50,0.0797,0.381,0.734,0.0469,0.173,0.0933,0.565,96.614,D,Major,-8.917,4/4,87,185.0,0.402,[2020]
0SGkqnVQo9KPytSri1H6cF,Bounce Back,Big Sean,I Decided.,Hip-Hop,79,0.105,0.77,0.567,0.0,0.125,0.175,0.26,81.477,D,Major,-5.698,4/4,86,151.9,0.337,[2017]
0tfvDUmADEEEqrPcRJNT29,Pyramid of Bones,The Voidz,Virtue,Alternative,41,0.000354,0.376,0.944,0.124,0.11,0.11,0.529,140.424,E,Minor,-3.688,4/4,86,154.8,0.5,[2018]
4XCpDE4pLTkkQ0kudqBLdS,Psylla,Glass Animals,Glass Animals,Children’s Music,48,0.088,0.776,0.577,0.000283,0.169,0.0348,0.478,124.487,E,Major,-9.232,4/4,85,225.1,0.247,[2021]
3PaeOar0UeLiyigqJfNAfN,Wednesday,Good Morning,Shawcross,Indie,49,0.325,0.579,0.58,0.0206,0.106,0.0246,0.734,76.029,F#,Minor,-8.882,4/4,85,152.9,0.247,[2017]
3nAq2hCr1oWsIU54tS98pL,Waves,Kanye West,The Life Of Pablo,Rap,73,0.0363,0.386,0.587,3.71e-06,0.332,0.0519,0.0565,96.072,A#,Major,-4.454,4/4,84,118.2,0.464,[2018]
7wBJfHzpfI3032CSD7CE2m,STARGAZING,Travis Scott,ASTROWORLD,Rap,84,0.00947,0.487,0.789,4.05e-06,0.189,0.044,0.0564,150.007,G#,Major,-3.69,4/4,84,139.1,0.417,[2019]
0cs671lxX2eoDzr2KMuo3N,Here Comes Your Man,Pixies,Doolittle,Rock,67,0.0451,0.664,0.788,0.0416,0.117,0.0294,0.869,124.51,D,Major,-12.323,4/4,84,112.6,0.56,[2019]
3jw5KrLTxeIzpSvByNsH7F,Blue Coupe,Twin Peaks,Sweet '17 Singles,Indie,49,0.261,0.597,0.864,0.0747,0.0973,0.0271,0.55,130.079,F,Major,-5.629,4/4,84,162.8,0.322,"[2022, 2023]"
0x47zt71IYykbt1ET933pJ,Hiding tonight,Alex Turner,Submarine - Original Songs From The Film By Alex Turner,Rock,47,0.915,0.543,0.122,0.0,0.373,0.0337,0.282,99.835,C,Major,-18.863,4/4,84,194.6,0.335,"[2020, 2021]"
4Ee6ZsyVepVsvObgYwzgH1,Permanent High School,The Voidz,Virtue,Alternative,43,0.0121,0.535,0.827,0.0611,0.117,0.0989,0.649,123.952,G,Major,-2.932,4/4,83,176.0,0.422,[2018]
4hQdpbUJTPVBYV7ebPK6NT,Heaven in Hell,The Growlers,Casual Acquaintances,Indie,48,0.185,0.629,0.799,0.0115,0.238,0.0402,0.922,127.952,C,Major,-4.635,4/4,83,241.2,0.169,[2018]
5uZLsGY9fknBd5Rxr7AIss,Shut Up Kiss Me,Angel Olsen,MY WOMAN,Pop,60,0.0552,0.373,0.63,0.0,0.107,0.0461,0.352,115.942,G,Major,-5.131,4/4,82,183.1,0.244,[2021]
7e8utCy2JlSB8dRHKi49xM,Fluorescent Adolescent,Arctic Monkeys,Favourite Worst Nightmare,Indie,67,0.00178,0.646,0.813,2.26e-05,0.144,0.0288,0.821,112.115,F#,Minor,-5.29,4/4,82,142.2,0.461,"[2020, 2023]"
28J7s6ylqLYzBUTBSUyEjm,Still Take You Home,Arctic Monkeys,"Whatever People Say I Am, That's What I'm Not",Indie,47,0.000669,0.599,0.946,0.0,0.0973,0.0378,0.653,108.934,G#,Major,-4.192,4/4,81,179.7,0.37,[2020]
62oCnK99vT8HOgwPsvXuiM,Chateau,Angus & Julia Stone,Snow,Pop,63,0.658,0.661,0.585,0.876,0.102,0.0367,0.606,129.98,F,Major,-11.255,4/4,81,137.8,0.556,[2019]
29EkMZmUNz1WsuzaMtVo1i,I Bet You Look Good On The Dancefloor,Arctic Monkeys,"Whatever People Say I Am, That's What I'm Not",Rock,62,0.00225,0.535,0.948,0.0,0.376,0.0356,0.778,103.183,F#,Minor,-4.19,4/4,81,131.0,0.46,"[2019, 2022]"
5M1TnHDDigSFAEK5U8euc3,Chinese Fountain,The Growlers,Chinese Fountain,Indie,48,0.00303,0.608,0.804,0.118,0.193,0.0311,0.851,116.022,F,Minor,-8.262,4/4,81,182.6,0.37,[2017]
5FlBGGwGuqYmqr0qeBWrxe,Five to One,The Doors,Waiting for the Sun,Rock,56,0.203,0.615,0.401,0.0,0.086,0.0507,0.672,87.959,E,Minor,-14.07,4/4,81,171.7,0.311,"[2022, 2023, 2025]"
6mVD1SfTvlFAPVi7txFL5H,Machu Picchu,The Strokes,Angles,Indie,63,0.0133,0.695,0.814,0.0984,0.0601,0.066,0.882,105.011,C#,Major,-5.294,4/4,81,162.3,0.346,[2017]
0dy6iXYIF0piirySAzCBwF,The End Has No End,The Strokes,Room On Fire,Indie,53,0.000799,0.536,0.655,0.832,0.229,0.0336,0.552,136.006,C#,Major,-3.713,4/4,80,121.6,0.476,"[2017, 2023]"
1dlgaGdQXmsYKMRuewIZkF,Miss Alissa,Eagles Of Death Metal,Peace Love Death Metal,Children’s Music,47,0.805,0.55,0.991,0.0,0.197,0.12,0.882,172.389,C#,Major,-3.704,4/4,79,109.3,0.456,[2021]
3QHA3SBpz2SDEpI1HuMT0e,The Only One,The Black Keys,Brothers,Rock,51,0.693,0.434,0.653,0.0421,0.177,0.0324,0.625,105.09,C#,Minor,-6.969,4/4,79,224.3,0.395,"[2022, 2023]"
1NGodWzGlxxkOrgqHO6g3K,The Eternal Tao,The Voidz,The Eternal Tao,Alternative,48,0.0115,0.703,0.79,9.59e-06,0.352,0.0807,0.635,135.362,G#,Major,-4.212,4/4,78,178.9,0.333,[2020]
4sNG6zQBmtq7M8aeeKJRMQ,Brazil,Declan McKenna,What Do You Think About the Car?,Children’s Music,68,0.0941,0.687,0.617,1.32e-05,0.0898,0.0287,0.665,121.08,E,Major,-5.213,4/4,77,131.0,0.457,"[2021, 2024]"
3d8y0t70g7hw2FOWl9Z4Fm,Ophelia,The Lumineers,Cleopatra,Rock,70,0.613,0.664,0.573,0.000363,0.0857,0.0277,0.566,76.023,F,Major,-6.519,4/4,77,148.0,0.195,[2017]
7wYU1avLwl1Gtkib8OTrZp,Dionysus,The Buttertones,Buttertones,Indie,49,0.00269,0.331,0.61,0.0548,0.14,0.0293,0.55,132.746,A,Major,-8.138,4/4,77,135.3,0.439,"[2017, 2022]"
71D4LseR0RADPbyvMeTIHR,Can't Stand Me Now,The Libertines,The Libertines,Rock,66,0.0111,0.368,0.935,0.00201,0.0948,0.0587,0.558,164.425,E,Major,-3.204,4/4,77,127.0,0.454,[2020]
6O0xnpq8xNi4VNvS6yezHN,Plastic Soul,Mondo Cozmo,Plastic Soul,Children’s Music,43,0.239,0.389,0.714,0.757,0.169,0.0315,0.348,77.294,D#,Major,-5.232,4/4,77,313.1,0.206,"[2023, 2024, 2025]"
6TJAFFa2VaRdFB5UA4BJRt,Origins,Tennis,Young & Old,Indie,46,0.0463,0.578,0.825,0.0201,0.162,0.0284,0.951,113.907,F,Minor,-4.659,4/4,77,187.9,0.286,[2022]
7wvwXi9Z66dcH5t202vVkN,Will He,Joji,In Tongues (Deluxe),R&B,75,0.837,0.618,0.217,0.000163,0.538,0.0515,0.0872,116.013,A#,Major,-15.372,4/4,77,194.6,0.26,[2021]
7qHBtTdpBLRUQGQxshfRd2,Big Toe,The Growlers,Chinese Fountain,Rock,49,0.0102,0.51,0.766,3.21e-05,0.0673,0.0278,0.727,132.169,E,Minor,-5.812,4/4,76,106.1,0.368,[2017]
4F1AgKpuFRMLEgtPETVwZk,You've Got To Hide Your Love Away - Remastered 2009,The Beatles,Help!,Rock,65,0.207,0.398,0.392,0.0,0.102,0.0282,0.378,184.267,G,Major,-9.05,3/4,76,132.8,0.379,"[2024, 2025]"
63SevszngYpZOwf63o61K4,Nevermind,Dennis Lloyd,Nevermind,Pop,84,0.156,0.592,0.691,9.78e-06,0.418,0.196,0.0796,99.976,D#,Major,-8.354,4/4,76,72.5,0.592,[2020]
5KkoM9rbevlWf8EePOrwfS,Drinking Song,Haley Heynderickx,I Need to Start a Garden,Folk,51,0.89,0.621,0.219,1.4e-05,0.111,0.0381,0.253,120.495,C,Major,-11.305,3/4,76,139.7,0.385,"[2021, 2022]"
2GiJYvgVaD2HtM8GqD9EgQ,Electric Love,BØRNS,Dopamine,Indie,74,0.00543,0.611,0.797,0.00137,0.26,0.0533,0.518,120.041,F#,Minor,-7.627,4/4,75,137.7,0.388,"[2018, 2021]"
0WQiDwKJclirSYG9v5tayI,There Is a Light That Never Goes Out - 2011 Remaster,The Smiths,The Queen Is Dead,Indie,72,0.04,0.523,0.769,0.0,0.136,0.0269,0.876,136.162,E,Major,-5.855,4/4,75,176.4,0.482,"[2018, 2022, 2024, 2026]"
32lewphnrnKx7lgsanoakd,Dearest,The Black Keys,Rave On Buddy Holly,Blues,39,0.4,0.7,0.248,0.00513,0.121,0.104,0.53,103.671,F#,Major,-13.922,4/4,75,168.9,0.067,[2023]
0dqJjKKxuKD5Dt3QH2n4CG,Hands Down,The Greeting Committee,It’s Not All That Bad,Indie,55,0.393,0.43,0.641,0.0036,0.223,0.034,0.288,100.39,E,Major,-7.027,4/4,75,197.1,0.387,[2021]
6hFHsQWB7HdVrSe7efRR82,Como te extraño mi amor,Café Tacvba,Avalancha de éxitos,Children’s Music,70,0.0823,0.791,0.759,4.44e-05,0.0993,0.037,0.917,124.725,A,Major,-5.67,4/4,74,147.2,0.419,[2020]
5lJUXSjRjevVy7I3P87wuK,Your Touch,The Black Keys,Magic Potion,Children’s Music,50,0.8,0.532,0.768,2.01e-05,0.377,0.0551,0.698,116.026,E,Minor,-8.698,4/4,74,108.2,0.432,[2021]
5MZBOcqI3Vpvp2PZy6ddyD,The Way It Is,The Strokes,Room On Fire,Alternative,41,0.000179,0.481,0.943,0.865,0.0985,0.0495,0.877,137.091,B,Major,-2.592,4/4,74,113.1,0.311,[2017]
3eiXtKo5PAWArBDAw1gkhI,El Beso,Mon Laferte,Norma,Alternative,56,0.254,0.732,0.84,1.69e-05,0.187,0.115,0.717,102.993,E,Minor,-7.07,4/4,74,160.8,0.257,[2022]
4skuEIloXWuxxgekKupkEH,Tu Falta De Querer,Mon Laferte,Mon Laferte - Vol. 1,Pop,73,0.0251,0.394,0.475,0.00749,0.112,0.028,0.441,129.995,A#,Major,-7.935,3/4,73,184.8,0.37,[2022]
0OEBOJhSObnFuHuasXdt52,Dia de Enero,Shakira,"Fijación Oral, Vol. 1",Dance,63,0.35,0.687,0.361,1.11e-05,0.11,0.0792,0.526,165.747,A#,Major,-11.589,4/4,72,152.9,0.278,[2022]
1U5dJjrL6yq7IH6keAyWOe,What I'm Becoming,Cage The Elephant,Social Cues,Blues,52,0.00366,0.57,0.472,0.00275,0.0891,0.0285,0.219,134.974,C,Major,-5.175,4/4,72,208.5,0.236,[2020]
6NGvyhGjKSKkyN3yc4YNhD,Piledriver Waltz,Arctic Monkeys,Suck It and See,Indie,51,0.00724,0.443,0.865,0.000116,0.468,0.0391,0.474,110.008,E,Major,-4.547,4/4,72,150.3,0.319,[2018]
0qp8MuZNKelOGTK2HPlXBA,Kids Turned Out Fine,A$AP Rocky,TESTING,Pop,68,0.271,0.305,0.668,3.8e-05,0.369,0.222,0.128,163.314,C#,Major,-9.404,5/4,72,115.4,0.417,"[2020, 2023]"
11zf7m4vw9Ze7cer9Nyhk1,Pleaser,Wallows,Pleaser,Rock,68,0.126,0.497,0.914,1.98e-05,0.274,0.0455,0.385,148.893,A,Major,-4.308,4/4,71,86.5,0.547,"[2020, 2024, 2025]"
5OmumaYiHYXUsYZPGLFTYJ,Between Love & Hate,The Strokes,Room On Fire,Children’s Music,47,5.35e-05,0.453,0.61,0.545,0.101,0.0254,0.525,104.188,A,Major,-4.935,4/4,71,120.5,0.422,[2017]
5KWV7S3osWbeOMPHCeWVyK,Bambi,Jidenna,The Chief,Rap,59,0.109,0.748,0.623,0.0,0.15,0.0285,0.21,105.045,F,Major,-5.08,4/4,71,178.7,0.38,[2019]
1S9VJIS4unNB2D6SEf4BbD,Do You Love Me Still?,The Kooks,Inside In / Inside Out,Indie,46,0.218,0.408,0.412,0.000514,0.17,0.0386,0.0804,138.178,C#,Minor,-8.807,4/4,71,101.0,0.465,[2020]
00kIWJu9IHiQ6i0qJAU0Z9,Amor Completo,Mon Laferte,Mon Laferte - Vol. 1,Children’s Music,66,0.664,0.393,0.418,5.46e-05,0.108,0.0269,0.346,175.548,E,Major,-8.976,3/4,71,129.3,0.465,[2022]
5XeFesFbtLpXzIVDNQP22n,I Wanna Be Yours,Arctic Monkeys,AM,Indie,73,0.136,0.464,0.417,0.022,0.0974,0.0256,0.479,67.528,C,Minor,-9.345,4/4,70,116.2,0.525,"[2020, 2023]"
1e2LGT07diSwc7UYnK7txi,More Of The Same,Caroline Rose,LONER,Indie,52,0.0824,0.731,0.764,3.95e-06,0.0725,0.028,0.638,98.01,G,Major,-4.5,4/4,70,201.3,0.343,[2022]
1V7mHn6zEEUpgysBYxiW9r,2 Atoms In A Molecule,Noah And The Whale,"Peaceful, The World Lays Me Down",Folk,44,0.461,0.633,0.68,0.000108,0.225,0.086,0.538,145.043,E,Major,-9.748,4/4,70,116.4,0.314,[2021]
6SdAztAqklk1zAmUHhU4N7,Taken for a Fool,The Strokes,Angles,Children’s Music,57,0.00595,0.57,0.89,0.0112,0.226,0.0559,0.885,137.04,F,Major,-4.447,4/4,70,183.1,0.314,[2017]
73M2Vb5MfZh8iGKudkMtlw,Always Like This,Bombay Bicycle Club,I Had The Blues But I Shook Them Loose,Rock,66,0.444,0.579,0.605,0.000645,0.11,0.0328,0.74,121.793,C#,Major,-6.686,4/4,69,146.4,0.464,[2020]
0gmGBCJ5XhOmoNR37MmxEE,So What'Cha Want - Remastered 2009,Beastie Boys,Check Your Head,Hip-Hop,52,0.0469,0.7,0.942,2.93e-05,0.0666,0.237,0.766,171.37,F,Minor,-7.355,4/4,69,203.0,0.194,"[2019, 2025]"
71gZOVZcfn2Yp6evM2PdzW,Shake Your Lonely,Twin Peaks,Sweet '17 Singles,Indie,45,0.369,0.457,0.523,0.0691,0.312,0.0256,0.604,150.096,D,Major,-7.846,4/4,68,138.6,0.426,[2022]
02tvc9CFnTyHuSRlGeNv9w,Corduroy Dreams,Rex Orange County,Bcos U Will Never B Free,Pop,74,0.653,0.61,0.305,0.0,0.103,0.053,0.222,113.818,E,Major,-14.037,4/4,68,168.0,0.221,[2019]
3b1IQflSLrgzYQPGFzI9cl,Es Por Ti,Juanes,Un Día Normal,Dance,72,0.203,0.706,0.753,3.04e-05,0.184,0.0259,0.849,129.968,E,Major,-6.088,4/4,68,185.2,0.221,[2017]
6u0x5ad9ewHvs3z6u9Oe3c,Under Cover of Darkness,The Strokes,Angles,Rock,68,0.00419,0.357,0.775,0.285,0.0676,0.054,0.589,199.853,B,Major,-3.364,4/4,68,130.9,0.382,[2017]
01RbsjW5FmljeVje00TjT1,Momo's,Connan Mockasin,Jassbusters,Folk,40,0.977,0.655,0.128,0.119,0.0993,0.0323,0.098,63.061,A#,Minor,-13.709,3/4,68,166.6,0.265,[2020]
242UAWExQDujCkiQtLQvcu,Don’t You Know,Durand Jones & The Indications,American Love Call,Soul,46,0.637,0.68,0.658,4.27e-05,0.107,0.0339,0.722,96.041,E,Minor,-4.186,4/4,67,139.3,0.298,[2019]
6DUKQUhWqUySYngLXLNwP2,Automatic Stop,The Strokes,Room On Fire,Rock,57,0.00336,0.68,0.536,0.737,0.0884,0.0384,0.959,105.917,C#,Major,-6.078,4/4,67,146.1,0.381,"[2018, 2022]"
5OuJTtNve7FxUX82eEBupN,Tommy's Party,Peach Pit,Being So Normal,Indie,62,0.122,0.565,0.438,0.0469,0.108,0.0311,0.211,133.949,G,Major,-8.722,4/4,66,122.0,0.652,[2020]
6K4t31amVTZDgR3sKmwUJJ,The Less I Know The Better,Tame Impala,Currents,Rock,82,0.0115,0.64,0.74,0.00678,0.167,0.0284,0.785,116.879,E,Major,-4.083,4/4,66,87.4,0.518,"[2017, 2024]"
5b4NWxJgdM4EkCrsnFK7m3,Naked Kids,The Growlers,Hung At Heart,Indie,45,0.662,0.379,0.649,0.653,0.422,0.0334,0.328,117.79,D,Minor,-5.316,4/4,66,137.8,0.394,[2017]
7CqleiaEqHVazV19P532X9,Life During Wartime - 2005 Remaster,Talking Heads,Fear of Music,Dance,50,0.0806,0.801,0.93,0.152,0.0558,0.0354,0.967,133.255,A,Major,-7.365,4/4,66,127.0,0.427,"[2019, 2024, 2026]"
577M06tqh2BwsT1qqZOBM1,Don't Sit Down 'Cause I've Moved Your Chair,Arctic Monkeys,Suck It and See,Rock,49,0.0191,0.434,0.912,0.278,0.326,0.0451,0.315,119.729,A,Major,-5.148,4/4,65,122.0,0.385,[2018]
3FtYbEfBqAlGO46NUDQSAt,Electric Feel,MGMT,Oracular Spectacular,Indie,77,0.0714,0.763,0.807,0.28,0.348,0.035,0.559,103.038,C#,Major,-3.714,3/4,65,115.2,0.385,[2017]
0grFc6klR3hxoHLcgCYsF4,Howlin' for You,The Black Keys,Brothers,Rock,70,0.028,0.705,0.735,0.0783,0.112,0.0931,0.448,132.627,B,Major,-6.646,4/4,65,102.7,0.456,"[2023, 2024]"
0prVUHQu2xr6pI5iEbKtxo,Beautiful Strangers,Kevin Morby,Beautiful Strangers b/w No Place to Fall,Soul,58,0.762,0.826,0.423,0.0689,0.105,0.0445,0.891,100.042,E,Major,-11.127,4/4,65,264.1,0.262,[2019]
5kTfGxslMBLVeapaoeb0ZW,Soul No. 5,Caroline Rose,LONER,Indie,44,4.66e-05,0.453,0.803,0.0655,0.0674,0.0445,0.385,159.571,D,Major,-4.768,4/4,65,112.8,0.492,[2022]
7KwJrAQMoJyUEBes3evMLv,Orpheus Under the Influence,The Buttertones,Buttertones,Rock,57,0.0365,0.362,0.871,0.000256,0.114,0.0502,0.526,151.722,D,Major,-6.546,4/4,64,55.8,0.637,"[2022, 2023, 2024]"
2s4ZQQsk9c4n13IAUfnIzm,The Hellcat Spangled Shalalala,Arctic Monkeys,Suck It and See,Indie,45,0.000793,0.449,0.872,0.00062,0.0642,0.0507,0.788,130.22,B,Major,-4.992,4/4,64,189.8,0.094,[2018]
4WKdgb3xzbTSU7WT3kK3na,I Don't Owe You Anything - 2011 Remaster,The Smiths,The Smiths,Dance,52,0.0179,0.696,0.432,0.0,0.142,0.0269,0.597,113.307,E,Major,-9.881,4/4,63,115.1,0.444,[2019]
3Wwd0W89C56cCRilh8HFNs,The Go Getter,The Black Keys,Brothers,Rock,46,0.159,0.646,0.719,0.000432,0.0758,0.0685,0.71,160.008,C#,Major,-7.192,4/4,63,204.8,0.222,[2023]
2xKfXRhw5xaUXfevJJspZf,Why Do Fools Fall in Love,Frankie Lymon,The Best Of Frankie Lymon & The Teenagers,Blues,54,0.51,0.388,0.532,3.06e-06,0.0974,0.102,0.845,173.586,C#,Major,-8.685,4/4,63,168.9,0.064,[2019]
6JyEh4kl9DLwmSAoNDRn5b,4th Dimension,KIDS SEE GHOSTS,KIDS SEE GHOSTS,Rap,72,0.278,0.765,0.542,1.87e-05,0.609,0.39,0.734,171.945,C#,Major,-6.755,4/4,63,86.3,0.365,[2019]
1gQxoBZiyLK5hRLLoBg89x,Primaveral,Mon Laferte,La Trenza,Children’s Music,59,0.286,0.629,0.645,0.128,0.102,0.0237,0.547,99.99,F,Major,-5.412,4/4,63,135.6,0.429,[2022]
4tggZyGJMNJMooWuRbvN5q,Harness Your Hopes - (B-side),Pavement,Brighten the Corners: Nicene Creedence Ed.,Rock,62,0.289,0.605,0.573,0.0406,0.133,0.037,0.581,107.882,D,Major,-7.804,4/4,63,94.0,0.54,[2019]
2iCzZEPF8GTfQ1v4WCi7De,The Daisy Chain,The Growlers,City Club,Rock,50,0.00258,0.496,0.819,0.00109,0.179,0.0323,0.703,123.004,C,Major,-4.714,4/4,62,116.4,0.274,[2017]
0SsOtRt4U3eicmUHPBfIHf,Turnaround,Hans Zimmer,The Little Prince (Original Motion Picture Soundtrack),Soundtrack,33,0.769,0.632,0.19,1.06e-05,0.395,0.0383,0.559,78.052,C,Major,-16.4,4/4,62,138.8,0.194,[2017]
6g6FWPdAMf55CpmkoE7jF1,Invéntame,Mon Laferte,Invéntame,Children’s Music,62,0.00154,0.564,0.494,2.73e-05,0.172,0.0271,0.108,96.924,G,Major,-9.135,4/4,62,145.4,0.341,"[2022, 2023, 2026]"
2d9Xw1OiRL8ca2K4A03aD3,Little Queenie,SadGirl,Vol. Three: The Hand That Did the Deed,Indie,49,0.908,0.572,0.236,0.00492,0.108,0.0431,0.313,134.731,G#,Major,-12.164,4/4,62,128.8,0.21,[2020]
0XnhQGfqfi5CnZXcONJuI5,Good Lovin' - Single Version,The Young Rascals,The Young Rascals,Folk,52,0.00206,0.252,0.507,0.00057,0.325,0.0442,0.816,196.494,D,Major,-13.337,4/4,62,87.0,0.436,[2020]
6zWU7YALeEDMcPGhKKZJhV,Navajo,Masego,Navajo,Children’s Music,70,0.114,0.686,0.592,1.16e-06,0.248,0.26,0.364,89.013,F#,Minor,-7.398,4/4,61,112.3,0.295,[2020]
75ZvA4QfFiZvzhj2xkaWAh,I Fall Apart,Post Malone,Stoney - Deluxe,Rap,88,0.0689,0.556,0.538,0.0,0.196,0.0382,0.291,143.95,G#,Minor,-5.408,4/4,61,76.2,0.541,[2019]
3BcQFPRZuuUClWStz29WjN,Old Yellow Bricks,Arctic Monkeys,Favourite Worst Nightmare,Rock,55,0.000185,0.663,0.839,4.65e-06,0.0808,0.0695,0.75,135.155,C,Major,-4.453,4/4,61,53.9,0.656,[2020]
0639sfoRA7sW4fGS1EzcQu,Loco (Tu Forma de Ser) [Ft. Rubén Albarrán] - MTV Unplugged,Los Auténticos Decadentes,Fiesta Nacional (Mtv Unplugged),Alternative,70,0.395,0.587,0.639,0.0,0.68,0.0357,0.789,116.499,G,Major,-8.065,4/4,61,134.2,0.475,[2020]
5jJPcImQkogKdwsVS36zH7,Marilyn,Mount Kimbie,Love What Survives,Children’s Music,58,0.351,0.271,0.486,0.156,0.0894,0.0407,0.31,179.826,C,Minor,-11.956,3/4,61,86.6,0.59,[2020]
5T4j3Uv33fQO7tsR2lMl4y,Charlie Don't Surf - Remastered,The Clash,Sandinista! (Remastered),Rock,56,0.0976,0.51,0.595,0.0176,0.338,0.0378,0.64,131.761,D,Major,-11.021,4/4,60,131.0,0.467,[2019]
1WypLBcOgtNO0meaWKBkVQ,The Boy,Shannon & The Clams,Onion,Indie,47,0.533,0.435,0.88,0.666,0.113,0.0657,0.681,137.209,A#,Minor,-5.248,4/4,60,82.3,0.533,[2019]
0TeHvhaNBSuv7yGQ9dLouv,Half Full Glass Of Wine,Tame Impala,Tame Impala,Rock,51,0.27,0.686,0.779,0.0617,0.0785,0.0751,0.665,126.146,C,Major,-7.178,4/4,60,150.2,0.283,[2020]
5GxqKrG0zeKA8uYJMjXwj9,Rock the House,Gorillaz,Gorillaz,Hip-Hop,49,0.0748,0.754,0.825,7.18e-05,0.169,0.237,0.612,171.948,D,Major,-6.498,4/4,60,133.4,0.383,[2020]
4SNtyKNyYJ8ERT7YLlnFBr,So Young,Portugal. The Man,Woodstock,Indie,65,0.348,0.671,0.445,5.93e-05,0.155,0.0291,0.811,75.996,E,Minor,-7.842,4/4,60,101.1,0.433,[2020]
4PJxptsSC9S89hTO8gRCv3,Piledriver waltz,Alex Turner,Submarine - Original Songs From The Film By Alex Turner,Rock,47,0.119,0.533,0.748,0.612,0.316,0.0285,0.343,105.921,C#,Major,-7.861,3/4,60,91.0,0.525,"[2021, 2022]"
01T0Kq5YOIRF9BQRXJsyfe,Portuguese Knife Fight,Cage The Elephant,Tell Me I'm Pretty,Rock,54,0.00144,0.56,0.928,0.00292,0.318,0.056,0.612,115.207,F#,Major,-4.594,4/4,60,117.8,0.274,"[2018, 2023]"
17XvbAd3K1GOjWy5uQvK2U,Baby,Devendra Banhart,What Will We Be,Indie,55,0.0498,0.833,0.325,0.0674,0.15,0.0404,0.864,102.02,C#,Minor,-10.093,4/4,60,75.8,0.55,[2019]
25YlltWXRb9k7KbrEBRuhJ,Lo/Hi,The Black Keys,"""Let's Rock""",Alternative,66,0.0151,0.606,0.679,0.000433,0.0962,0.0321,0.707,122.016,D,Major,-7.445,4/4,60,124.0,0.24,"[2023, 2024]"
6PuoZT4kgw5DrUEdnQ6e01,This Must Be The Place,Sure Sure,Sure Sure,Soul,56,0.349,0.886,0.371,0.00138,0.0985,0.0465,0.928,115.026,F,Major,-10.542,4/4,59,109.6,0.382,"[2020, 2024]"
6lnnaGN20kl0jEYJSxCgU9,You Talk Way Too Much,The Strokes,Room On Fire,Children’s Music,47,0.0625,0.308,0.971,0.938,0.0806,0.0344,0.659,128.204,E,Major,-3.23,4/4,59,77.7,0.525,[2017]
41zXlQxzTi6cGAjpOXyLYH,idontwannabeyouanymore,Billie Eilish,dont smile at me,Pop,89,0.737,0.483,0.412,0.0,0.116,0.0402,0.247,170.163,G,Major,-8.461,3/4,59,117.1,0.339,[2019]
3s4OT5Si1n9TFSNEPjNs0s,Black Treacle,Arctic Monkeys,Suck It and See,Rock,49,0.000821,0.343,0.89,0.0,0.0912,0.0655,0.525,100.061,G,Major,-5.759,4/4,59,139.4,0.322,[2018]
7ygO2E3yfwZVYbzaPdGzed,Guru,Coast Modern,Guru,Indie,64,0.232,0.76,0.701,0.00295,0.07,0.042,0.81,140.023,D#,Major,-6.393,4/4,59,104.4,0.288,[2017]
7ykaUgkdQWJLsMuOymTV2A,If Not For You - Remastered 2014,George Harrison,All Things Must Pass,Folk,58,0.21,0.608,0.766,0.0076,0.0862,0.0329,0.797,116.118,G,Major,-6.982,4/4,59,177.2,0.17,[2018]
2aPTvyE09vUCRwVvj0I8WK,Sundress,A$AP Rocky,Sundress,Rap,77,0.176,0.721,0.704,3.71e-06,0.143,0.0606,0.735,125.004,F#,Major,-6.364,4/4,58,63.1,0.552,[2021]
0Fv5N0cHBsl4bzCbollCAS,Moves,Big Sean,I Decided.,Rap,70,0.0541,0.789,0.53,0.0,0.164,0.293,0.367,75.515,D,Major,-6.2,4/4,58,61.6,0.448,[2017]
6L8Ic6HJHrAqwObG3wuaLT,Rare Hearts,The Growlers,Chinese Fountain,Rock,57,0.026,0.601,0.652,0.0589,0.274,0.027,0.61,120.498,G,Major,-6.723,4/4,58,188.4,0.19,[2017]
3UZfvX4ky5C4mblUIR0LE1,Suck It and See,Arctic Monkeys,Suck It and See,Indie,51,0.00105,0.339,0.932,0.114,0.255,0.057,0.586,128.291,E,Major,-5.017,4/4,58,186.0,0.121,[2018]
0qdQUeKVyevrbKhAo0ibxS,My Sweet Lord - Remastered 2014,George Harrison,All Things Must Pass,Folk,77,0.0794,0.538,0.704,0.0,0.0867,0.0332,0.583,120.963,C#,Minor,-8.904,4/4,57,161.2,0.298,[2018]
3zQJdKcFjiHEz7Xqum4bom,Black Widow,Cage The Elephant,Melophobia,Indie,46,0.0151,0.419,0.895,0.0,0.117,0.0497,0.718,127.269,F#,Minor,-0.747,4/4,57,131.5,0.193,[2017]
0NA5xAtDra50d0Lfs2uvoh,Borrowed Love (feat. Swae Lee & WizKid),Metro Boomin,NOT ALL HEROES WEAR CAPES,Pop,73,0.44,0.52,0.594,0.0,0.185,0.462,0.393,129.216,B,Minor,-8.81,5/4,57,63.7,0.649,[2019]
7HKez549fwJQDzx3zLjHKC,Start Me Up - Remastered 2009,The Rolling Stones,Tattoo You,Rock,76,0.0531,0.638,0.928,0.11,0.0875,0.0388,0.966,122.428,F,Major,-4.078,4/4,57,113.0,0.33,"[2018, 2023]"
27a1mYSG5tYg7dmEjWBcmL,CAN'T SAY,Travis Scott,ASTROWORLD,Pop,82,0.201,0.702,0.708,0.0,0.118,0.0547,0.713,147.98,A#,Minor,-5.366,4/4,57,79.2,0.421,[2019]
71bWpBImqNaLjIvfV50Hsa,Love Test,The Growlers,Chinese Fountain,Indie,52,0.00755,0.65,0.728,0.000446,0.353,0.0263,0.742,114.984,D,Major,-7.27,4/4,57,164.7,0.246,[2017]
78J9MBkAoqfvyeEpQKJDzD,Step,Vampire Weekend,Modern Vampires of the City,Rock,67,0.591,0.624,0.724,7.79e-06,0.101,0.101,0.624,78.008,A#,Major,-7.113,4/4,57,168.9,0.21,[2017]
3DamFFqW32WihKkTVlwTYQ,Fireflies,Owl City,Ocean Eyes,Rock,79,0.0294,0.591,0.649,0.0,0.133,0.0417,0.489,90.002,D#,Major,-6.72,4/4,56,104.7,0.446,[2019]
7wsEZh68qX7jY0dziXMb0H,Love is a Laserquest,Arctic Monkeys,Suck It and See,Indie,50,0.00197,0.349,0.662,0.908,0.136,0.0402,0.554,169.926,B,Major,-6.873,4/4,56,130.6,0.232,[2018]
5H6Jp0syB5yEPk7SWYdlmk,The Wind Cries Mary,Jimi Hendrix,Are You Experienced,Rock,63,0.348,0.499,0.495,0.0286,0.2,0.0501,0.339,80.086,F,Major,-10.508,4/4,56,93.0,0.411,[2020]
5GiygyFRSZ2jey4almSmrL,Shabop Shalom,Devendra Banhart,Smokey Rolls Down Thunder Canyon,Folk,40,0.567,0.558,0.377,0.861,0.135,0.0316,0.617,103.523,A,Minor,-13.967,4/4,56,101.5,0.554,[2020]
7w87IxuO7BDcJ3YUqCyMTT,Pumped Up Kicks,Foster The People,Torches,Children’s Music,83,0.145,0.733,0.71,0.115,0.0956,0.0292,0.965,127.975,F,Minor,-5.849,4/4,56,126.1,0.339,[2017]
4z6mZWFgBZd07926K61Mi8,She Looks Like Fun,Arctic Monkeys,Tranquility Base Hotel & Casino,Indie,55,0.00944,0.514,0.773,0.00326,0.387,0.0388,0.445,103.943,C,Major,-3.754,4/4,56,116.5,0.286,[2018]
56X1fzloIoGKKOgpLLIGoe,Old English,Young Thug,Old English,Hip-Hop,58,0.0408,0.809,0.801,0.0,0.353,0.407,0.744,81.94,C#,Major,-5.461,4/4,56,109.0,0.321,[2019]
4iwpCp7qdDLngGI3gsVTza,Miracle Aligner,The Last Shadow Puppets,Everything You've Come To Expect,Rock,61,0.0124,0.562,0.724,1.42e-06,0.223,0.0271,0.855,113.056,F#,Minor,-8.627,4/4,56,90.1,0.546,"[2020, 2026]"
00HIh9mVUQQAycsQiciWsh,Limestone,Magic City Hippies,Hippie Castle EP,Pop,62,0.282,0.706,0.457,0.00849,0.0614,0.0383,0.723,78.014,E,Major,-9.359,4/4,55,119.4,0.291,[2019]
5jgFfDIR6FR0gvlA56Nakr,Blackbird - Remastered 2009,The Beatles,The Beatles,Rock,73,0.754,0.686,0.127,1.41e-05,0.0573,0.0342,0.372,93.699,G,Major,-14.361,4/4,55,102.7,0.218,[2018]
0fDFzVTG8c2fW9EM5f1RHM,Indian Food,Dumbo Gets Mad,Quantum Leap,Indie,51,0.765,0.561,0.896,0.685,0.124,0.0528,0.629,86.808,D,Major,-4.903,4/4,55,106.0,0.382,[2020]
67LKZcv1J2Yj4pk5UIuFQW,Warned You,Good Morning,Shawcross,Pop,62,0.662,0.507,0.428,0.149,0.101,0.0263,0.406,138.163,F#,Major,-4.677,4/4,55,56.7,0.454,[2017]
4TTV7EcfroSLWzXRY6gLv6,Alexander Hamilton,Leslie Odom Jr.,Hamilton,Jazz,72,0.524,0.609,0.435,0.0,0.118,0.284,0.563,131.998,B,Minor,-7.862,4/4,55,72.0,0.515,"[2024, 2025]"
07ahbydCmD0CLoN2zIx8bR,"I'm The Man, That Will Find You",Connan Mockasin,Caramel,Folk,45,0.622,0.457,0.316,0.00163,0.101,0.0403,0.308,143.462,G,Minor,-9.831,4/4,55,113.9,0.509,[2020]
0sSdFMuYrn3N9moumV466B,He Can Only Hold Her,Amy Winehouse,Back To Black,Soul,59,0.0262,0.651,0.835,0.00685,0.056,0.0649,0.692,98.411,F#,Minor,-4.311,4/4,55,106.1,0.182,[2019]
4WFcerMZkAIcIizZYXNNrb,Pink Ocean,The Voidz,Virtue,Alternative,44,0.343,0.593,0.889,0.599,0.385,0.0408,0.647,96.992,D,Major,-3.701,4/4,55,146.1,0.309,[2018]
2NsMwNWumJXCdTg2IZCLZ5,Lento,Julieta Venegas,Si,Rock,67,0.202,0.762,0.745,3.05e-05,0.042,0.0442,0.804,143.965,F,Major,-7.426,4/4,54,114.4,0.37,[2022]
4wSWZjWH7a5eVxskGxO13w,The View From The Afternoon,Arctic Monkeys,"Whatever People Say I Am, That's What I'm Not",Indie,50,0.00487,0.387,0.922,0.0,0.187,0.0674,0.417,146.478,A,Minor,-5.192,4/4,54,124.4,0.389,[2019]
4alHo6RGd0D3OUbTPExTHN,Just What I Needed,The Cars,The Cars,Folk,68,0.0152,0.619,0.579,6.4e-05,0.0858,0.0473,0.69,127.224,E,Major,-9.307,4/4,54,99.5,0.426,[2019]
44i6jEICONcpRzd3Tyejlp,Feel Me - Single Version,Aeris Roves,Feel Me,R&B,53,0.835,0.667,0.356,1.42e-05,0.125,0.46,0.513,177.897,B,Minor,-10.464,4/4,54,101.8,0.352,[2020]
1PmaWG47wJRCIOM9v8Bauo,Hypocrite,Cage The Elephant,Melophobia,Indie,51,0.143,0.629,0.938,0.0149,0.115,0.0323,0.628,104.998,A,Major,-3.293,4/4,54,152.9,0.204,[2017]
7to68V64Cu6zk0UDo5tyw3,Confidence,Ocean Alley,Chiaroscuro,Indie,74,0.0637,0.59,0.562,0.0,0.105,0.0505,0.561,140.835,B,Minor,-9.607,4/4,54,86.0,0.556,[2019]
6TIOhfnPBw0k5s3KHN3VHO,A Different Age,Current Joys,A Different Age,Rock,54,0.637,0.627,0.371,0.0643,0.0759,0.0269,0.361,143.935,D,Major,-10.621,4/4,54,178.5,0.315,[2020]
7q0aQpiLv5tIsupcgQ3Ny4,Budapest,George Ezra,Wanted on Voyage,Pop,70,0.0846,0.717,0.455,0.0,0.11,0.0276,0.389,127.81,F,Major,-8.303,4/4,53,102.9,0.264,[2017]
1NjmSXMzvwoM3lHmDRcUfs,Powa,Tune-Yards,W H O K I L L,Indie,50,0.677,0.753,0.315,7.66e-05,0.129,0.0323,0.524,109.613,F,Major,-7.458,4/4,53,213.6,0.189,[2019]
2vupkXhwL4sNCRgNu72HCZ,Heart It Races - Cover Version,Dr. Dog,Heart It Races,Folk,64,0.443,0.705,0.474,0.0553,0.338,0.0391,0.756,98.612,A#,Major,-13.081,4/4,53,100.5,0.415,[2017]
4RExr9x20tvTxcAtCVVUJh,Last Cabaret,The Growlers,Casual Acquaintances,Indie,47,0.000178,0.618,0.728,0.0104,0.572,0.0272,0.85,115.004,B,Minor,-5.405,4/4,53,124.9,0.598,"[2018, 2026]"
0YRi3Gq2kkqfuaZ2L4rynD,Sleep Talk,Shannon & The Clams,Sleep Talk,Folk,45,0.175,0.457,0.789,0.0,0.107,0.0376,0.515,139.241,A,Major,-5.745,4/4,53,79.0,0.377,[2019]
6xqCTPxYnRf8X0p6N5Vw2T,Ooh La,The Kooks,Inside In / Inside Out,Rock,47,0.0165,0.543,0.873,9.45e-05,0.15,0.0803,0.786,150.891,A#,Minor,-5.159,4/4,53,96.3,0.377,[2017]
6xagjcywpcyNFghafZPQJv,Banana Clip,Miguel,War & Leisure,Dance,67,0.0973,0.638,0.708,0.0,0.177,0.0754,0.606,84.978,C#,Minor,-5.342,4/4,53,110.3,0.358,[2018]
2BIfG6wL1t5wk1KixoK2BV,Chicago,flipturn,Heavy Colors,Indie,44,0.542,0.709,0.655,0.00271,0.0931,0.0342,0.609,111.971,E,Major,-9.638,4/4,53,190.5,0.33,"[2024, 2025]"
6u0ccx1pJICbSwCPMFCd1b,Avalon,Foxygen,Hang,Folk,46,0.309,0.404,0.601,0.000799,0.391,0.0337,0.656,134.118,G,Major,-7.683,4/4,53,97.8,0.472,[2019]
2QUlMbvD9bL8wHqfsoqoet,Stop The World I Wanna Get Off With You,Arctic Monkeys,Why'd You Only Call Me When You're High?,Indie,63,0.0537,0.661,0.73,3.44e-05,0.14,0.0574,0.53,95.027,F#,Minor,-6.779,4/4,53,68.0,0.472,[2020]
6wNUBZNWFxdUGof6vkaykE,One For The Road,Arctic Monkeys,AM,Rock,67,0.212,0.415,0.668,0.0615,0.27,0.036,0.842,180.048,C,Major,-6.849,4/4,52,100.0,0.346,[2020]
5qm8ISXOho1EvFj6e4f4bG,She's Thunderstorms,Arctic Monkeys,Suck It and See,Rock,49,0.000518,0.505,0.898,0.00236,0.173,0.0329,0.731,118.929,G,Major,-4.906,4/4,52,160.4,0.135,[2018]
0tkBOcK7oRVXQJY97zzSvr,Telescope,Cage The Elephant,Melophobia,Rock,59,0.273,0.588,0.481,1.33e-05,0.0986,0.0285,0.176,93.568,C,Major,-4.801,4/4,52,94.9,0.423,[2017]
6XX1r0P3P5zt992tCcHrms,Dull Boy,The Growlers,Chinese Fountain,Indie,46,0.00108,0.62,0.678,0.00757,0.0716,0.0252,0.796,104.932,C#,Major,-8.37,4/4,52,109.7,0.288,[2017]
6bGwKHXHNLmTy6yt147FPh,If You Know You Know,Pusha T,DAYTONA,Pop,69,0.0186,0.46,0.697,0.0,0.362,0.325,0.701,153.426,F#,Minor,-5.954,4/4,52,75.8,0.423,[2019]
389QX9Q1eUOEZ19vtzzI9O,While My Guitar Gently Weeps - Remastered 2009,The Beatles,The Beatles,Rock,68,0.0205,0.453,0.654,0.00395,0.172,0.0317,0.702,115.0,E,Minor,-8.855,4/4,52,159.1,0.288,[2018]
6KKHXbJtnJPjla3V49YPac,"Prune, You Talk Funny",Gus Dapperton,"Prune, You Talk Funny",Indie,66,0.0177,0.57,0.75,0.00247,0.197,0.0383,0.578,140.063,A#,Minor,-7.193,4/4,51,81.2,0.49,[2021]
12WtkO5DLE2CWjRGeXtwEW,40 Day Dream,Edward Sharpe & The Magnetic Zeros,Up from Below,Folk,59,0.228,0.573,0.656,0.0,0.0651,0.0562,0.668,81.952,D,Major,-5.954,4/4,51,141.7,0.216,[2018]
55DyBUkjebkcYhDGfEXitR,Cariño,The Marías,Cariño,R&B,59,0.401,0.647,0.388,0.0453,0.117,0.0297,0.669,113.98,C,Minor,-13.718,4/4,51,102.4,0.431,[2020]
4HRa9ZWcmZ8JD7UySPu0wT,Don't Stop (Color on the Walls),Foster The People,Torches,Indie,64,0.00183,0.611,0.948,0.0995,0.0969,0.0753,0.79,133.004,C#,Minor,-3.751,4/4,51,60.6,0.51,[2017]
7iMDaY1LnASwCk2uUpMtii,High (feat. Elton John),Young Thug,On the Run,Hip-Hop,73,0.223,0.759,0.498,5.84e-05,0.406,0.0776,0.244,126.972,A#,Major,-10.615,4/4,51,60.9,0.549,[2019]
1Dp7JGFNjvg8Nk0CtMCcnr,Hard Feelings/Loveless,Lorde,Melodrama,Dance,63,0.0328,0.487,0.445,0.0104,0.0778,0.113,0.18,97.031,C#,Minor,-10.959,4/4,51,109.3,0.372,[2021]
6ioeN8jQ8Qc3tS8dhpoAVi,Way With Words,Bahamas,Earthtones,Indie,65,0.359,0.785,0.53,0.00198,0.0774,0.0634,0.729,146.38,F#,Minor,-6.995,4/4,51,73.1,0.549,[2021]
37adYGaYaAWTGhBaOzX4Fh,Take A Slice,Glass Animals,How To Be A Human Being,Children’s Music,56,0.0212,0.623,0.661,0.000229,0.267,0.1,0.63,151.97,A,Major,-7.0,4/4,51,113.1,0.274,[2018]
6MWtB6iiXyIwun0YzU6DFP,Wow.,Post Malone,Wow.,Rap,99,0.163,0.833,0.539,2.1e-06,0.101,0.178,0.385,99.947,B,Minor,-7.399,4/4,50,64.0,0.48,[2019]
0ofHAoxe9vBkTCp2UQIavz,Dreams - 2004 Remaster,Fleetwood Mac,Rumours,Rock,79,0.0644,0.828,0.492,0.00428,0.128,0.0276,0.789,120.151,C,Major,-9.744,4/4,50,153.6,0.13,"[2018, 2025]"
7EqpEBPOohgk7NnKvBGFWo,Wait for It,Leslie Odom Jr.,Hamilton,Jazz,69,0.125,0.561,0.474,5.07e-06,0.0922,0.155,0.513,86.897,F#,Major,-9.638,4/4,50,82.4,0.552,"[2024, 2025, 2026]"
7floNISpH8VF4z4459Qo18,Look At Me!,XXXTENTACION,Look At Me!,Rap,83,0.259,0.763,0.726,0.0,0.0976,0.282,0.349,139.059,C#,Major,-6.405,4/4,50,38.4,0.52,[2017]
3NeiYiBn3rQBgurfVk92Zm,Humility (feat. George Benson),Gorillaz,The Now Now,Hip-Hop,69,0.144,0.632,0.807,0.0211,0.125,0.126,0.784,160.174,C,Major,-5.893,4/4,50,122.8,0.14,[2018]
78ECvz2vs1obDkLdbMEdJK,Driving to Hawaii,Summer Salt,Driving to Hawaii,Rock,60,0.719,0.346,0.637,2.03e-05,0.263,0.0403,0.297,186.836,G,Major,-4.919,3/4,50,92.1,0.3,[2017]
5gRcv46AMTrosmTOqrOV3Q,Dumb,Nirvana,In Utero,Children’s Music,62,0.425,0.695,0.394,0.738,0.228,0.029,0.845,113.623,F#,Major,-13.585,4/4,50,55.6,0.52,[2020]
1n8wr8tRHs5jmBxNWXedcn,"Bands (feat. OhGeesy, Fenix Flexin & Master Kato)",Shoreline Mafia,Shoreline Mafia Presents Rob Vicious: Traplantic,Hip-Hop,80,0.371,0.9,0.385,0.0,0.142,0.435,0.488,99.964,C#,Minor,-12.189,4/4,50,46.5,0.54,[2019]
3zobfMEipF81bJfPVp1h09,Stay in My Corner,The Arcs,"Yours, Dreamily,",Rock,55,0.0409,0.437,0.689,0.00824,0.147,0.0343,0.467,143.451,B,Minor,-6.003,4/4,50,102.5,0.3,[2021]
2imZHlyJK5Cai1hfOAUK4h,Old Friend,The Walters,Songs for Dads,Indie,49,0.61,0.695,0.557,0.00885,0.25,0.0284,0.756,126.49,B,Minor,-9.299,4/4,50,79.5,0.32,[2017]
0H8XeaJunhvpBdBFIYi6Sh,Deja Vu,Post Malone,Stoney - Deluxe,Rap,77,0.0931,0.62,0.69,0.0,0.131,0.0493,0.331,133.935,G,Major,-6.508,4/4,50,143.6,0.22,[2019]
1j9rezdE3YeC7yktZXC1em,I Want It All,Arctic Monkeys,AM,Indie,64,0.000637,0.499,0.81,0.0748,0.0625,0.0347,0.288,131.052,F,Major,-5.579,4/4,49,50.0,0.551,[2020]
4sebUbjqbcgDSwG6PbSGI0,Come a Little Closer,Cage The Elephant,Melophobia,Children’s Music,67,0.0265,0.44,0.777,1.01e-06,0.151,0.0327,0.306,148.027,C#,Minor,-1.786,4/4,49,40.6,0.694,[2017]
78JmElAFmrPNhLjovDR9Jm,All Day and All of the Night,The Kinks,Kinks,Dance,69,0.262,0.551,0.86,4.57e-06,0.0558,0.0796,0.723,136.921,G,Major,-7.839,4/4,49,84.8,0.286,[2018]
1Bph2KY0MA2JUiX5uADWjZ,Broken,Jake Bugg,Jake Bugg,Indie,58,0.335,0.439,0.442,0.00889,0.107,0.0288,0.189,119.81,G#,Major,-8.873,4/4,49,115.8,0.427,"[2022, 2023]"
05iMQqncVBIm4AE26EvaTL,Andar Conmigo,Julieta Venegas,Si,Rock,69,0.3,0.77,0.585,0.0,0.116,0.0285,0.912,116.994,C,Major,-8.06,4/4,49,106.6,0.245,[2022]
718purgMpFb2Axhuz0Hbq1,Chances,The Strokes,Comedown Machine,Children’s Music,55,0.365,0.561,0.569,0.611,0.109,0.0289,0.53,103.705,F#,Major,-9.682,4/4,49,106.2,0.265,[2017]
6OwwTVRndoy9aoDxsmrteR,Australia,The Shins,Wincing The Night Away,Folk,64,0.00442,0.434,0.842,0.000142,0.308,0.038,0.838,169.935,E,Major,-4.468,4/4,49,109.7,0.326,[2019]
6l6LgnyNHL3U6UgSx5Aiph,Lets Go Surfing,The Drums,The Drums,Rock,50,0.203,0.581,0.821,0.000316,0.0792,0.0319,0.806,174.083,C#,Major,-5.648,4/4,49,92.6,0.286,[2019]
3FRRgKEg2CK20D0ElLBioS,Good Advice,The Growlers,Chinese Fountain,Indie,44,1.3e-05,0.451,0.822,0.00488,0.272,0.0291,0.627,137.062,A#,Major,-5.023,4/4,48,91.5,0.333,[2017]
0khHA65uKHItjWKdxWeXFs,In the City,Anika,Anika,Folk,44,0.000629,0.567,0.518,9.03e-05,0.239,0.0285,0.399,111.712,A,Major,-9.803,4/4,48,96.4,0.104,[2021]
08VEQesIyvMu4xIxec8lMT,"Moodna, Once With Grace",Gus Dapperton,"Moodna, Once With Grace",Rock,62,0.372,0.28,0.42,8.87e-06,0.134,0.0366,0.148,65.13,E,Minor,-9.553,4/4,48,72.1,0.458,[2021]
4qkwbl6SxwLE09pxLAFINt,Sweet to Me,Summer Salt,Driving to Hawaii,Rock,61,0.677,0.563,0.51,3.8e-06,0.305,0.0283,0.501,97.467,A,Major,-6.751,4/4,48,69.9,0.479,[2017]
1H4idkmruFoJBg1DvUv2tY,Band On The Run - 2010 Remaster,Paul McCartney,Band On The Run,Rock,69,0.0832,0.479,0.601,0.00142,0.11,0.0318,0.669,124.966,G,Major,-8.806,4/4,48,140.0,0.354,[2019]
21sa0bWFqOFEYPtahlt4Lt,Crying Lightning,Arctic Monkeys,Humbug,Rock,54,0.0148,0.498,0.885,0.00041,0.239,0.0461,0.67,106.719,E,Minor,-4.423,4/4,48,114.8,0.271,[2017]
0dhjrarbKUbYt8SB8YTjoZ,Magnificent Sadness,The Growlers,Chinese Fountain,Indie,43,0.00752,0.573,0.713,8.77e-06,0.195,0.0283,0.462,120.043,B,Minor,-7.876,4/4,48,94.1,0.396,[2017]
2qoLCpTRYv6h8Vx94hxkvl,Ten Cent Pistol,The Black Keys,Brothers,Rock,51,0.325,0.588,0.488,0.0139,0.18,0.03,0.328,104.717,C,Minor,-8.462,4/4,48,88.2,0.458,[2023]
2VrOrpMi5tyjs6sRYd5bPK,Tiny Umbrella,Coast Modern,Coast Modern,Indie,51,0.0134,0.606,0.878,0.00407,0.339,0.0828,0.436,89.051,B,Major,-5.318,4/4,48,96.7,0.396,[2018]
6lbLn5iL2NBJnbib7bTXMn,Dræm Girl,No Vacation,Summer Break Mixtape,Rock,57,0.00164,0.192,0.952,0.716,0.307,0.258,0.262,172.752,D,Major,-5.888,4/4,48,148.8,0.229,[2021]
1zFbBrZmJr1Z49HYe84dBg,Harvey,Her's,Invitation to Her's,Indie,52,0.0735,0.588,0.855,0.815,0.128,0.0372,0.717,141.941,A,Major,-6.153,4/4,48,150.6,0.104,[2018]
2Dmw4LdpDKYFjKZ7hj1XAh,Darlin',Houndmouth,Little Neon Limelight,Rock,60,0.344,0.472,0.347,0.0379,0.101,0.0305,0.363,116.904,D#,Major,-8.011,3/4,48,136.1,0.333,[2019]
6gpSU2C1VJq0xaVIGtQPVi,Francis Forever,Mitski,Bury Me At Makeout Creek,Pop,57,0.00262,0.535,0.448,1.94e-05,0.115,0.0279,0.32,101.984,D,Major,-9.167,4/4,47,51.9,0.447,[2021]
6YDf6QV7QfCEo8O2dbWalK,Real Love Baby,Father John Misty,Real Love Baby,Pop,66,0.0955,0.417,0.687,0.0278,0.0989,0.0372,0.627,204.11,G,Major,-6.484,4/4,47,105.1,0.255,[2019]
6YWtvUPKgCYSiPDBuAjj0Q,Crust Bucket,The Frights,The Frights,Indie,51,0.0663,0.204,0.858,0.0032,0.371,0.076,0.268,166.02,E,Major,-4.655,3/4,47,111.4,0.404,[2020]
6acDlNeA06MCVCzsTVGr9V,Cocoon,Milky Chance,Blossom,Pop,62,0.103,0.741,0.671,0.000239,0.0585,0.0338,0.808,114.031,A#,Major,-6.805,4/4,47,51.1,0.681,[2018]
2ZNYFHhkBoS4KHr5eXnQth,Funeral,Mon Laferte,Norma,Children’s Music,57,0.741,0.695,0.452,0.0,0.164,0.0424,0.424,95.011,F#,Major,-8.143,4/4,47,146.8,0.255,[2022]
11DdPGqDsM3ux1gVAqUIln,Balaclava,Arctic Monkeys,Favourite Worst Nightmare,Rock,50,0.00168,0.417,0.824,8.09e-05,0.343,0.105,0.642,137.836,B,Minor,-4.524,4/4,47,77.7,0.34,[2020]
6kcHg7XL6SKyPNd78daRBL,Sweet Talk,Saint Motel,saintmotelevision,Children’s Music,62,0.0392,0.67,0.843,0.0,0.225,0.0454,0.713,117.01,C#,Major,-4.311,4/4,47,85.0,0.362,[2020]
61OkcfgMfjlJQ7MJPU0HLz,Dance Little Liar,Arctic Monkeys,Humbug,Indie,45,0.0586,0.538,0.607,0.769,0.0975,0.0352,0.543,100.158,C#,Minor,-9.133,4/4,47,154.0,0.17,[2020]
2DFRFqWNahKtFD112H2iEZ,Do You Realize??,The Flaming Lips,Yoshimi Battles the Pink Robots,Rock,62,0.006,0.464,0.797,0.000304,0.392,0.0333,0.547,129.964,C,Major,-5.244,4/4,47,54.2,0.681,[2019]
290xSzR8Ee9fm82poMg4od,Used to Be in Love,The Jungle Giants,Quiet Ferocity,Indie,63,0.0022,0.83,0.631,0.0359,0.0539,0.0313,0.877,128.013,B,Minor,-5.238,4/4,47,110.3,0.298,[2017]
4gZDCOFuLCxCRWNhSEcOtJ,These Days,Wallows,Spring EP,Rock,67,0.0398,0.655,0.668,0.0302,0.0759,0.0272,0.867,93.003,C,Major,-6.733,4/4,47,88.9,0.362,[2020]
73mlvsfJM2qwlDUJxeaatI,Daft Punk Is Playing at My House,LCD Soundsystem,LCD Soundsystem,Dance,59,0.0222,0.92,0.914,7.62e-05,0.114,0.0444,0.974,135.923,G,Major,-4.555,4/4,47,74.3,0.574,[2020]
6giLMzQSzjxQ7T2kmRhlVb,Piel Canela,Mi Sobrino Memo,Piel Canela,Indie,59,0.656,0.734,0.697,0.0,0.124,0.0326,0.58,120.04,F#,Major,-6.104,4/4,46,65.2,0.544,[2020]
6m6R6O2BOZDCNymhJ45spI,Loner,Kali Uchis,Por Vida,R&B,61,0.873,0.722,0.675,0.118,0.305,0.0775,0.507,120.012,C#,Minor,-5.61,4/4,46,29.8,0.783,[2020]
5AKYyNPYhumqKeOMhdEgQO,I Saw You Close Your Eyes,Local Natives,I Saw You Close Your Eyes,Rock,61,0.0729,0.41,0.637,3.77e-05,0.732,0.0327,0.238,77.398,A,Major,-6.673,4/4,46,73.3,0.435,[2021]
1dJuteDIOkGfDSN7zPkzNv,She Don't Use Jelly,The Flaming Lips,Transmissions From the Satellite Heart,Children’s Music,58,0.207,0.33,0.556,4.39e-05,0.315,0.0796,0.506,173.828,G,Major,-11.494,4/4,46,58.1,0.565,[2021]
2UVbBKQOdFAekPTRsnkzcf,Stir Fry,Migos,Culture II,Pop,81,0.00299,0.815,0.816,0.0,0.159,0.269,0.498,181.967,D,Major,-5.474,4/4,46,50.7,0.478,[2018]
2PuUFT13yCzUOZun94WOXv,Suite: Judy Blue Eyes - 2005 Remaster,"Crosby, Stills & Nash","Crosby, Stills & Nash",Folk,66,0.469,0.451,0.364,0.0,0.197,0.0436,0.298,154.206,A,Major,-13.126,4/4,46,94.7,0.47,"[2020, 2025]"
28UP90XhjCovLtieduYr9P,Mi Buen Amor,Mon Laferte,La Trenza,Children’s Music,70,0.557,0.4,0.541,2.13e-05,0.136,0.0274,0.268,99.343,G,Major,-4.527,3/4,46,95.0,0.348,[2022]
2xcRTNxhhCL5HbCp4UGkjh,Brother,Mac DeMarco,Salad Days,Indie,57,0.13,0.568,0.674,0.0634,0.431,0.0301,0.512,93.194,D#,Minor,-5.194,4/4,46,69.2,0.5,[2019]
3Hx7RXqCS7Kzjy2ot2q1Gk,Fever,The Black Keys,Turn Blue,Indie,63,0.00378,0.609,0.674,0.000302,0.129,0.0355,0.743,127.541,A,Minor,-6.506,4/4,46,63.3,0.565,[2022]
0MHXrqn909p0LRTPsNsGEi,Move on Up - Single Edit,Curtis Mayfield,Move on Up,Soul,61,0.417,0.538,0.969,0.00154,0.119,0.0906,0.928,138.652,B,Minor,-5.626,4/4,45,45.5,0.622,[2020]
4hSfY4G2SIUlwGViX1ve6J,The Art School Kids,Slow Hollows,Atelophobia,Indie,50,0.326,0.493,0.395,0.0169,0.393,0.0282,0.536,111.665,B,Minor,-18.211,4/4,45,50.0,0.533,[2020]
2lwwrWVKdf3LR9lbbhnr6R,Float On,Modest Mouse,Good News For People Who Love Bad News,Indie,72,0.013,0.649,0.888,2.23e-06,0.0888,0.0293,0.553,100.975,F#,Major,-4.807,4/4,45,49.4,0.449,"[2021, 2025]"
56KqaFSGTb7ifpt16t5Y1N,Rock the Casbah - Remastered,The Clash,Combat Rock (Remastered),Dance,72,0.287,0.796,0.872,0.0,0.284,0.0573,0.866,129.894,A,Minor,-6.722,4/4,45,75.9,0.444,[2019]
0LO7f7ZJg871B8hLTRzrfB,Julia,Mt. Joy,Mt. Joy,Pop,60,0.681,0.566,0.412,0.017,0.0741,0.0267,0.47,81.879,F,Major,-6.994,4/4,45,95.1,0.249,"[2023, 2024]"
6OpU3cvY19M2hFxTbLKy5L,Juno,Choker,Honeybloom,Children’s Music,57,0.921,0.442,0.267,0.00026,0.148,0.0365,0.116,120.075,G,Major,-12.857,4/4,45,79.0,0.511,[2020]
0tZ3mElWcr74OOhKEiNz1x,Bulls On Parade,Rage Against The Machine,Evil Empire,Rap,74,0.0124,0.412,0.919,0.0601,0.424,0.184,0.572,166.367,F,Major,-7.291,4/4,45,92.5,0.356,[2020]
3ItzRpwvKtkDSNdRSjXu7Z,Chelsea Dagger,The Fratellis,Costello Music,Indie,63,0.0468,0.519,0.825,0.0,0.0604,0.145,0.581,154.777,G,Major,-3.087,4/4,45,64.6,0.54,"[2022, 2024]"
4PpuZIMmeng6qPicveSI22,Beso,Jósean Log,Háblate de Mí,Indie,66,0.599,0.793,0.56,0.0,0.0952,0.0324,0.862,123.011,G,Minor,-8.922,4/4,45,55.8,0.644,[2019]
0oakHTPj4SF7Si0NAsLwi8,Las flores,Café Tacvba,Re,Children’s Music,64,0.186,0.615,0.928,4.4e-06,0.147,0.0412,0.962,156.926,A#,Major,-4.218,4/4,45,101.8,0.156,[2020]
0MjAN5HhvpRiPmxGNrx5oc,Lysergic Bliss,of Montreal,Satanic Panic In The Attic,Children’s Music,49,0.373,0.481,0.747,0.0437,0.102,0.0513,0.827,110.994,F#,Minor,-6.27,4/4,45,104.1,0.333,[2018]
2os0aK782bakCPmjow0SU0,Drunk Drivers/Killer Whales,Car Seat Headrest,Teens of Denial,Rock,60,0.218,0.534,0.414,2.11e-06,0.103,0.0403,0.458,117.079,D,Major,-7.952,4/4,45,101.0,0.578,[2020]
4c15DmbPf9g3HNPipLBBu0,I'm Not the One,The Black Keys,Brothers,Indie,48,0.543,0.604,0.406,0.000545,0.0932,0.0306,0.474,139.897,A,Minor,-10.016,4/4,45,54.2,0.644,[2023]
3DPFmwFtV5ElQaTniLOdgk,Hunnybee,Unknown Mortal Orchestra,Sex & Food,Hip-Hop,69,0.569,0.956,0.373,0.394,0.314,0.0773,0.568,119.994,F#,Major,-7.963,4/4,45,86.4,0.489,[2020]
47KDDZgFiX1w6RFOuLXsSn,Tomorrow,Shakey Graves,Tomorrow,Folk,69,0.73,0.564,0.354,3.43e-06,0.208,0.0334,0.423,98.075,G,Major,-10.85,3/4,45,71.6,0.511,[2021]
7mwLlFNlWD4AOFoxPJTPwn,Speed Racer,Her's,Songs of Her's,Indie,45,0.0109,0.555,0.957,0.379,0.0426,0.048,0.972,92.49,F#,Minor,-2.503,4/4,45,50.6,0.511,[2018]
3jZ0GKAZiDMya0dZPrw8zq,Desire Lines,Deerhunter,Halcyon Digest,Folk,59,0.0565,0.318,0.918,0.293,0.659,0.0373,0.6,120.567,D,Major,-6.288,4/4,44,81.5,0.682,[2020]
0CyRloqqjpeKEAd3cO6J6z,We're Not Just Friends,"Parks, Squares and Alleys",We're Not Just Friends,Indie,55,0.502,0.655,0.653,0.75,0.0781,0.0278,0.732,114.995,E,Major,-7.488,4/4,44,31.5,0.773,[2019]
0tuyEYTaqLxE41yGHSsXjy,Won't Go Home Without You,Maroon 5,It Won't Be Soon Before Long.,Pop,62,0.0152,0.728,0.62,0.0,0.227,0.0308,0.453,110.023,D#,Major,-3.735,4/4,44,162.6,0.0,[2026]
1zdKc6UvnPuoVHkr0NYyIf,Glass in the park,Alex Turner,Submarine - Original Songs From The Film By Alex Turner,Indie,45,0.903,0.553,0.19,0.000227,0.0993,0.0298,0.299,100.002,D,Major,-14.961,4/4,44,113.8,0.318,[2021]
2fXKyAyPrEa24c6PJyqznF,Common People - Full Length Version,Pulp,Different Class,Rock,69,0.00562,0.323,0.803,5.9e-05,0.073,0.0408,0.54,144.271,C,Major,-9.034,4/4,44,75.4,0.568,[2021]
1GC1MIaRMW3kfVK9VyD5Ii,Tous les mêmes,Stromae,Racine Carrée - Standard US Version,Pop,55,0.208,0.676,0.651,0.0026,0.278,0.135,0.631,110.02,F,Minor,-9.088,4/4,44,47.3,0.659,[2020]
1spp1NXsz4rHcVaJhhndKa,Water,Ra Ra Riot,Need Your Light,Rock,61,0.131,0.575,0.848,0.0,0.11,0.0885,0.42,159.941,E,Major,-4.297,4/4,44,77.0,0.568,[2018]
3onYsieuDICdVt5ULZSExF,Barefoot In The Park (feat. ROSALÍA),James Blake,Assume Form,Indie,71,0.832,0.558,0.632,0.105,0.198,0.284,0.519,161.764,A,Minor,-8.339,4/4,44,95.5,0.364,[2020]
3pJfnBjO3kjudEchcPEDxS,Afuera,Caifanes,El Nervio Del Volcan,Children’s Music,71,0.209,0.487,0.553,2.81e-05,0.0992,0.0425,0.699,126.043,F#,Minor,-11.197,4/4,44,83.8,0.477,[2021]
5Z5YEyR5i8V8Ui2e5jGAAm,Veni Vidi Vici,Black Lips,Good Bad Not Evil,Blues,43,0.283,0.666,0.544,0.000801,0.15,0.0303,0.713,107.335,B,Minor,-7.035,4/4,43,52.0,0.488,[2019]
465hVdgg75kPgRdpJfEFFT,Seven,Rainbow Kitten Surprise,Seven + Mary,Rock,61,0.0492,0.641,0.531,0.0,0.118,0.157,0.194,135.564,D,Major,-7.243,4/4,43,75.2,0.465,[2018]
6dGnYIeXmHdcikdzNNDMm2,Here Comes The Sun - Remastered 2009,The Beatles,Abbey Road,Rock,82,0.0339,0.557,0.54,0.00248,0.179,0.0347,0.394,129.171,A,Major,-10.484,4/4,43,59.2,0.465,[2019]
4OkPamOn5GofkOQu64Z4eR,Teddy Picker,Arctic Monkeys,Favourite Worst Nightmare,Rock,54,0.000413,0.637,0.973,2.23e-05,0.104,0.112,0.8,150.223,A,Major,-3.386,4/4,43,62.1,0.381,"[2023, 2024]"
2wF5p2dfUbEiqAnCRVNwmK,Tenderness,Parquet Courts,Wide Awake!,Rock,58,0.165,0.716,0.736,0.000171,0.0746,0.0363,0.945,98.005,G,Major,-3.761,4/4,43,55.2,0.581,[2020]
02KpkaZbiutsR0ucxce4Sh,This Will Be Our Year,The Zombies,Odessey and Oracle,Rock,65,0.626,0.535,0.424,0.0,0.191,0.0314,0.539,97.506,A,Major,-7.491,4/4,43,56.0,0.372,[2019]
5Ss6DqCldgTmIo6BekVOJT,You Say I'm in Love,Banes World,You Say I'm in Love,Pop,69,0.427,0.623,0.285,0.00278,0.189,0.0538,0.343,140.028,C#,Minor,-16.687,4/4,42,42.6,0.595,[2021]
6d5faX65tSGFKcXsOJQRFi,In the Morning I'll Be Better,Tennis,Yours Conditionally,Indie,53,0.632,0.343,0.607,0.00808,0.0824,0.0357,0.599,155.579,C,Major,-5.048,3/4,42,64.8,0.5,[2022]
3labT48xWDOOR5dWUUPCkk,Caught Me Thinkin,Bahamas,Barchords,Folk,47,0.208,0.767,0.718,3.76e-06,0.343,0.0433,0.897,118.429,A,Major,-5.845,4/4,42,48.7,0.595,[2021]
7bfocP7GYoLOutUYpTI8tx,Welcome To Japan,The Strokes,Comedown Machine,Indie,59,0.00233,0.705,0.666,0.0149,0.174,0.0303,0.646,124.032,D,Minor,-7.23,4/4,42,122.6,0.19,[2018]
72wEtgEkcLQ5x4F4ktiVSH,Pa' Mayté,Carlos Vives,La Tierra del Olvido,Dance,59,0.0287,0.716,0.871,6.32e-06,0.117,0.0606,0.967,123.851,C,Minor,-7.336,4/4,42,62.3,0.524,[2019]
4mq4UFHLd9OZXRBClDyTed,Game,ELIZA,A Real Romantic,R&B,46,0.648,0.84,0.343,0.523,0.121,0.0493,0.943,129.972,B,Minor,-13.413,4/4,42,135.8,0.286,[2022]
0cgWTzGYVUWELohSykTxrb,Moi c'est,Camélia Jordana,Camelia Jordana,Indie,53,0.762,0.862,0.409,0.0871,0.0927,0.0399,0.8,135.013,F#,Minor,-10.255,4/4,42,24.4,0.762,[2020]
6VnpKLtfNH4Dk09YSGPSyR,It Ain't Over 'Til It's Over,Lenny Kravitz,Mama Said,Rock,67,0.422,0.679,0.568,0.00948,0.322,0.0423,0.93,159.689,F#,Major,-10.74,4/4,42,103.7,0.285,"[2023, 2024]"
4cMHCRLPNoEbpnl2rz6GS9,Back on the Chain Gang - 2007 Remaster,Pretenders,Learning to Crawl,Rock,63,0.116,0.598,0.901,0.0401,0.178,0.0359,0.814,153.24,D,Major,-6.081,4/4,41,75.8,0.39,[2019]
1qsHYUd2c1wFGcn7e63QmG,Yikes,Kanye West,ye,Rap,74,0.15,0.683,0.776,0.0,0.227,0.341,0.223,173.996,C#,Minor,-3.251,4/4,41,107.2,0.171,[2019]
2WETO8PgRIdYLW4zz8xjnD,What You Were,The Drums,Portamento,Indie,44,0.169,0.621,0.829,0.495,0.32,0.025,0.235,105.072,G,Major,-5.466,4/4,41,77.7,0.342,[2018]
70tBw295bLL8B13Jg3SNUs,Charley's Girl,Lou Reed,Coney Island Baby,Dance,51,0.126,0.748,0.831,0.126,0.0483,0.0613,0.848,86.781,A,Major,-6.583,4/4,41,41.4,0.61,[2019]
5imMBAW7spQjapwJeZ0z3u,Underneath It All - Acoustic Live - German Radio,No Doubt,Rock Steady,Pop,58,0.838,0.665,0.253,0.0,0.168,0.0505,0.477,142.252,E,Major,-7.326,4/4,41,122.3,0.195,[2018]
6B182GP3TvEfmgUoIMVUSJ,Evil,Interpol,Antics,Indie,64,0.00128,0.497,0.738,0.653,0.0725,0.0396,0.599,129.078,F,Major,-4.09,4/4,41,89.5,0.293,[2020]
3bBmpVl9rQKJsFFGLFilIS,Charcoal Baby,Blood Orange,Negro Swan,Indie,65,0.14,0.622,0.46,0.000369,0.119,0.0372,0.514,183.241,G,Minor,-8.389,4/4,41,78.3,0.463,[2020]
0F0imGVd7KnvQPkBmVtPo9,Leave Me Alone - 2015 Remaster,New Order,Power Corruption and Lies,Electronic,50,0.0489,0.537,0.862,0.505,0.1,0.028,0.879,134.831,G,Major,-7.648,4/4,41,71.1,0.61,[2019]
2JtL0a3NHcGkFQ7kfDLKUT,Swing Lo Magellan,Dirty Projectors,Swing Lo Magellan,Indie,53,0.825,0.738,0.366,2.69e-05,0.118,0.0324,0.507,101.031,F,Minor,-10.231,4/4,41,48.4,0.512,[2019]
3yEtuhGR8jOtusa29jWrhG,Tu Amor Me Hace Bien - Salsa Version,Marc Anthony,Valio La Pena,Pop,71,0.398,0.691,0.658,4.58e-05,0.112,0.0359,0.617,97.68,C,Major,-6.496,4/4,41,85.3,0.537,[2019]
0yhxBvedRdGxsPZHJNI4VA,I Thought About Killing You,Kanye West,ye,Rap,67,0.867,0.752,0.396,0.0,0.0486,0.411,0.417,116.016,D,Major,-7.932,4/4,41,86.0,0.22,[2019]
5QqyRUZeBE04yJxsD1OC0I,Summer Bummer (feat. A$AP Rocky & Playboi Carti),Lana Del Rey,Lust For Life,Pop,67,0.0155,0.76,0.574,2.02e-05,0.199,0.126,0.137,134.981,C#,Major,-8.57,4/4,41,110.8,0.59,"[2018, 2026]"
2EbL9RN1CpNav0UzTQVRdm,Brighter!,Cass McCombs,Big Wheel and Others,Indie,60,0.217,0.625,0.469,0.372,0.124,0.0251,0.666,108.516,E,Minor,-11.292,4/4,41,92.5,0.342,[2019]
6dtPJwNdLuyVGPWyHOI6GP,It's Only Sex,Car Seat Headrest,Living While Starving,Indie,46,0.368,0.589,0.519,0.457,0.119,0.0411,0.482,119.981,G,Major,-8.069,4/4,41,56.1,0.488,[2021]
0hQkqM37pYkOuWDDoxk3Ce,Vincent,James Blake,Vincent,R&B,56,0.968,0.409,0.0856,0.000357,0.0877,0.0403,0.367,94.814,G,Major,-17.347,4/4,41,131.0,0.342,[2019]
4M1lEbqPzlEw1JYWB6aE7K,Estoy Aquí,Shakira,Pies Descalzos,Dance,64,0.0307,0.732,0.814,0.0,0.0691,0.0402,0.782,116.973,D,Major,-7.716,4/4,40,108.2,0.184,"[2022, 2026]"
207qLd1ovrqfYVBBDrNMUM,Dance This Mess Around,The B-52's,The B-52's,Dance,50,0.0168,0.608,0.712,0.000369,0.129,0.0821,0.542,161.072,D#,Major,-7.957,4/4,40,92.3,0.328,"[2021, 2025]"
1UsXMQwIzCKSk6oIdRE5Jc,Veins,Palace,Veins,Soul,47,0.349,0.429,0.273,0.0384,0.111,0.0287,0.112,110.161,C,Major,-9.719,3/4,40,59.5,0.5,[2021]
6gdCb962lq0Xdg7ypVLuLt,Harvest Moon - Recorded at Spotify Studios NYC,Lord Huron,Spotify Singles,Folk,56,0.803,0.417,0.285,0.005,0.269,0.0346,0.243,120.954,D,Major,-11.041,1/4,40,143.9,0.275,[2019]
1comODdI862K7ei34XZRa4,Too Afraid to Love You,The Black Keys,Brothers,Rock,49,0.0156,0.531,0.676,0.00287,0.0988,0.0299,0.544,136.759,B,Minor,-6.173,4/4,40,64.1,0.45,[2023]
4KGyQfes7t5BiaoBvs380e,Fake Tales Of San Francisco,Arctic Monkeys,"Whatever People Say I Am, That's What I'm Not",Rock,49,0.00998,0.454,0.778,0.0,0.0427,0.0449,0.704,127.158,A,Major,-4.225,4/4,40,69.3,0.35,[2019]
1o6DclZHw0HomxXEQR1ijX,Rock & Roll - Full Length Version; 2015 Remaster,The Velvet Underground,Loaded: Re-Loaded 45th Anniversary Edition,Folk,59,0.00401,0.494,0.735,3.14e-06,0.544,0.0345,0.742,132.526,F,Major,-8.347,4/4,40,84.9,0.425,[2021]
2374M0fQpWi3dLnB54qaLX,Africa,TOTO,Toto IV,Rock,85,0.257,0.671,0.373,7.95e-05,0.0481,0.0323,0.732,92.717,A,Major,-18.064,4/4,40,92.0,0.35,[2018]
22UDw8rSfLbUsaAGTXQ4Z8,American Boy,Estelle,Shine,Soul,78,0.171,0.727,0.729,0.0,0.07,0.326,0.512,117.932,C,Major,-2.99,4/4,40,78.0,0.45,[2020]
5RcuACCOhgoc4ZH57AVCLA,Feel Like A Fool,Kali Uchis,Isolation,Pop,58,0.0245,0.7,0.812,0.0,0.102,0.0311,0.855,107.983,D#,Major,-4.8,4/4,40,68.9,0.375,[2019]
5xRlNALFbZ7gaWGlySwfTM,Break up Together,Theo Katzman,Heartbreak Hits,Soul,49,0.564,0.87,0.414,3.47e-05,0.121,0.0452,0.89,103.958,F,Major,-10.995,4/4,40,57.8,0.575,[2020]
53I7CviVHhNYEKth717RLG,Coins,Local Natives,Sunlit Youth,Pop,62,0.0578,0.566,0.576,0.0,0.0523,0.0365,0.607,138.045,F,Major,-4.859,4/4,39,134.9,0.103,[2018]
4D2rEIyYw0meeh8AOXqfxK,Honey Sweet,Blossoms,Blossoms,Indie,62,0.0268,0.573,0.708,0.00485,0.271,0.037,0.626,110.003,E,Minor,-6.098,4/4,39,49.8,0.564,[2021]
1tzPSule9WZ9B8SujHv8fp,This Head I Hold,Electric Guest,Mondo,Dance,59,0.0255,0.596,0.871,0.0101,0.249,0.0375,0.961,80.939,D,Minor,-4.912,4/4,39,45.7,0.538,[2019]
1KlDcHrlDPUJJPmMup3tUp,5 Years Time,Noah And The Whale,"Peaceful, The World Lays Me Down",Folk,56,0.335,0.8,0.559,0.0,0.148,0.116,0.788,121.967,C,Major,-7.11,4/4,39,63.9,0.513,[2021]
3HMYsT5mnqQ57tVjvqlETb,Flaco,Mon Laferte,La Trenza,Children’s Music,58,0.196,0.454,0.419,0.0039,0.197,0.0255,0.238,146.711,A,Major,-5.678,3/4,39,119.5,0.128,[2022]
3dJCbcLcqMKJVZ9Vd390K3,Far Away Truths,Albert Hammond Jr,Francis Trouble,Dance,56,0.000829,0.419,0.866,0.0003,0.104,0.0463,0.764,162.061,A,Major,-3.944,4/4,39,126.5,0.103,[2018]
150eNdHgoV9hYBUjsQXSVM,Love Buzz - Remastered,Nirvana,Bleach: Deluxe Edition,Rock,63,3.22e-05,0.47,0.885,0.196,0.169,0.0354,0.79,138.153,D#,Major,-7.224,4/4,39,37.9,0.564,[2020]
6cUcoLNlWP05KpaJXaXG7g,Sex Tourists,French Kicks,Swimming,Indie,45,0.281,0.489,0.519,7.25e-06,0.121,0.0266,0.163,108.259,F#,Major,-6.099,4/4,39,53.9,0.564,[2021]
0NfdbvWFwlVMA183QibxCB,Me Vale,Maná,¿Dónde Jugarán Los Niños?,Pop,59,0.00201,0.534,0.925,0.000692,0.134,0.035,0.753,166.9,A,Major,-5.198,4/4,39,146.9,0.371,"[2023, 2025]"
5t1Eqjxu93ub0LiTgxZQOB,Flathead,The Fratellis,Costello Music,Alternative,41,0.0118,0.599,0.942,0.0,0.327,0.155,0.334,105.144,C,Major,-5.196,4/4,38,41.7,0.599,"[2022, 2024]"
3AgrcbfCREzW0kGFUNJnqW,Rocky's Late Night,Albert Hammond Jr,Francis Trouble,Blues,45,0.0538,0.619,0.672,0.0699,0.0518,0.0385,0.805,94.998,C,Minor,-6.429,4/4,38,71.9,0.474,[2022]
1bKQdPJ9lid6Yg26HAx8Tf,"Lights Out, Words Gone",Bombay Bicycle Club,A Different Kind Of Fix,Indie,57,0.577,0.649,0.76,0.332,0.107,0.0298,0.654,106.002,G#,Major,-7.275,4/4,38,80.1,0.553,[2021]
1F9WFVKQ0PT4EiZNoZQu2d,Sensitivity,Worn-Tin,Thanatophobia,Rock,49,0.0358,0.705,0.529,0.00338,0.42,0.029,0.931,110.207,E,Major,-6.585,4/4,38,79.4,0.395,[2018]
7FwBtcecmlpc1sLySPXeGE,Dancing In the Dark,Bruce Springsteen,Born In The U.S.A.,Rock,75,0.0115,0.527,0.942,0.0,0.188,0.0366,0.495,148.723,C#,Minor,-5.64,4/4,38,106.7,0.329,"[2024, 2025, 2026]"
78krcD2vFUXJ3Y0XXeiHWH,Sinister Kid,The Black Keys,Brothers,Rock,54,0.133,0.761,0.828,0.0858,0.348,0.0721,0.935,139.616,A,Major,-7.259,4/4,37,67.2,0.405,[2023]
2rphAUoua7y2GNpjnoXWlG,Gotta Cheer Up,Cotton Jones,Paranoid Cocoon,Folk,56,0.397,0.523,0.631,0.000163,0.123,0.0262,0.715,105.096,D,Minor,-7.494,4/4,37,58.8,0.378,[2021]
414J8tKHbtF16XOiHGBEso,Tezeta (Nostalgia),Mulatu Astatke,"Ethiopiques, Vol. 4: Ethio Jazz 1969-1974",World,54,0.954,0.546,0.355,0.92,0.0891,0.0368,0.5,81.054,F,Minor,-10.199,3/4,37,51.9,0.703,[2021]
3HdcqQpq7zb5GbEKBDY34p,Humbug Mountain Song,Fruit Bats,Absolute Loser,Rock,63,0.0355,0.593,0.926,0.0582,0.311,0.0319,0.945,100.011,F#,Minor,-5.361,4/4,37,38.2,0.622,[2021]
4BD3sl4HjTAzWGVIP8LLm4,I Wanna C U,Blood Orange,Angel's Pulse,Alternative,59,0.715,0.793,0.304,0.181,0.114,0.0442,0.72,99.773,C,Minor,-12.191,4/4,37,14.8,0.703,[2023]
4HOg84QsolNLzNp08qZ3sX,didya think,Arlie,Wait,Rock,55,0.00415,0.468,0.89,1.21e-05,0.508,0.0701,0.709,140.265,E,Major,-2.974,4/4,37,41.6,0.622,[2021]
4JpazKcfOhbwqZrsYhzHee,Jackie and Wilson,Hozier,Hozier (Expanded Edition),Folk,67,0.0579,0.555,0.727,7.52e-06,0.0937,0.0388,0.739,82.142,F#,Major,-4.202,4/4,37,95.2,0.248,"[2023, 2024, 2025]"
6ZoXt2on0ub2ORSTWnJCjs,Circles,Durand Jones & The Indications,American Love Call,Soul,45,0.254,0.527,0.556,1.51e-05,0.225,0.0604,0.933,205.693,E,Minor,-5.158,4/4,36,52.6,0.528,[2021]
1Y8L4hT9CDJH6ROK2XGxgO,On the Beach - 2016 Remaster,Neil Young,On the Beach,Rock,56,0.566,0.683,0.311,0.0372,0.113,0.0343,0.404,116.958,A,Minor,-13.54,4/4,36,70.4,0.611,[2021]
415dK4glwDO7fXxYg3np8B,Pictures of Girls,Wallows,Spring EP,Children’s Music,65,0.000248,0.443,0.819,0.00759,0.0802,0.0322,0.494,154.958,F#,Major,-5.502,4/4,36,82.6,0.281,"[2024, 2025]"
14g6foD6sxO1qgkDKuPgWv,Swingin Party - 2008 Remaster,The Replacements,Tim,Dance,55,0.0224,0.647,0.69,0.0,0.147,0.0454,0.682,117.514,F#,Minor,-8.657,4/4,35,48.7,0.629,[2022]
71cUqXJ3h1r0Ees6YdENLU,Coffee,Sylvan Esso,Sylvan Esso,Pop,61,0.348,0.457,0.455,0.00122,0.142,0.188,0.163,100.049,C,Major,-8.112,4/4,35,66.3,0.457,[2021]
6IY3cC281mz9q0bViUEldz,It's A Trip!,Joywave,Content,Indie,65,0.114,0.679,0.71,0.00322,0.255,0.0321,0.685,97.99,G#,Minor,-5.009,4/4,35,34.1,0.543,[2021]
4mpAm83XX1iS63l8wmkEC6,Spread Your Love,Black Rebel Motorcycle Club,B.R.M.C.,Indie,59,0.00987,0.415,0.901,0.361,0.136,0.0428,0.424,128.216,D,Major,-3.124,4/4,35,36.0,0.6,[2021]
0Xn1VqBjoL4PAGxyatEO0Z,Gotas De Agua Dulce,Juanes,La Vida Es Un Ratico,Dance,60,0.0204,0.681,0.859,0.0,0.131,0.0294,0.94,153.889,C#,Minor,-3.457,4/4,35,70.0,0.314,[2022]
1XYX4JnSULbKGCi5uSjeJy,It's hard to get around the wind,Alex Turner,Submarine - Original Songs From The Film By Alex Turner,Indie,46,0.87,0.436,0.244,0.000371,0.102,0.0339,0.359,145.42,C,Major,-19.096,4/4,35,80.0,0.314,[2021]
1pHP4JeQV9wDx87D6qH9hD,Here It Goes Again,OK Go,Oh No,Pop,63,0.000342,0.537,0.882,9.06e-05,0.12,0.0403,0.81,145.729,C,Major,-2.306,4/4,34,17.7,0.798,"[2022, 2024]"
6ikh8e4YxgOlb11LWUaBp4,The Keys,Matt Duncan,Soft Times,Soul,51,0.511,0.782,0.478,0.0117,0.131,0.0671,0.693,94.997,C,Major,-11.132,4/4,34,67.6,0.324,[2022]
3hJLKtTpgct9Y9wKww0BiR,Miss You - Remastered,The Rolling Stones,Some Girls,Rock,66,0.462,0.803,0.725,0.0137,0.46,0.0432,0.785,109.7,A,Minor,-4.726,4/4,34,62.1,0.5,[2021]
6qQGxKyy6LcyZVsWn93lyS,Pink Triangle,Weezer,Pinkerton,Rock,52,0.0118,0.282,0.894,0.0,0.347,0.0822,0.466,118.809,F#,Major,-4.834,4/4,34,28.6,0.676,[2021]
4riDfclV7kPDT9D58FpmHd,Some,Steve Lacy,Some,Hip-Hop,63,0.00548,0.784,0.554,0.254,0.0995,0.03,0.634,104.01,G,Major,-6.417,4/4,33,42.4,0.284,"[2023, 2024]"
5dnvWWkwwFJoDDc0QoSbvf,Is It Any Wonder?,Durand Jones & The Indications,Durand Jones & The Indications,Soul,55,0.636,0.541,0.378,0.594,0.0899,0.0296,0.401,136.94,D,Minor,-6.283,4/4,33,50.7,0.636,[2021]
3stWWPN41byqp8loPdy92u,Master of None,Beach House,Beach House,Rock,61,0.674,0.492,0.344,0.531,0.0933,0.0259,0.247,86.485,F,Major,-15.259,4/4,33,51.8,0.515,[2021]
3TZwjdclvWt7iPJUnMpgcs,Jump Around,House Of Pain,House of Pain (Fine Malt Lyrics),Hip-Hop,75,0.0113,0.854,0.71,8.72e-05,0.166,0.0793,0.818,106.894,E,Minor,-6.32,4/4,33,55.7,0.364,[2021]
6jg5SRvdGxvJ0DzNV0UqEK,Please Don't Go,Mike Posner,31 Minutes to Takeoff,Pop,61,0.00296,0.699,0.882,0.0544,0.13,0.0311,0.657,120.016,E,Minor,-3.896,4/4,33,49.9,0.546,[2021]
62ZXL1CWLJDiDWUZUhfLfU,Dopamine,BØRNS,Dopamine,Rock,56,0.0155,0.551,0.813,5.82e-06,0.105,0.0621,0.568,97.556,F,Major,-4.25,4/4,33,57.6,0.424,[2021]
6Qb7gtV6Q4MnUjSbkFcopl,50 Ways to Leave Your Lover,Paul Simon,Still Crazy After All These Years,Folk,69,0.166,0.815,0.372,0.000116,0.0767,0.0752,0.293,101.684,G,Major,-12.814,4/4,33,49.3,0.476,"[2025, 2026]"
2TeYAizye4GlmzQq5zyf91,The Physical Attractions,The Symposium,The Symposium,Indie,43,0.00163,0.363,0.499,0.522,0.123,0.0335,0.532,137.804,F,Minor,-10.099,4/4,32,28.4,0.812,[2021]
5EYi2rH4LYs6M21ZLOyQTx,Loving Is Easy (feat. Benny Sings),Rex Orange County,Loving Is Easy (feat. Benny Sings),Pop,80,0.217,0.756,0.609,0.00474,0.096,0.0544,0.537,117.023,D#,Major,-7.927,4/4,32,35.9,0.5,[2021]
1UGD3lW3tDmgZfAVDh6w7r,Devil In A New Dress,Kanye West,My Beautiful Dark Twisted Fantasy,Pop,66,0.0175,0.433,0.76,0.0,0.158,0.0726,0.205,79.789,G#,Minor,-4.935,4/4,32,51.8,0.406,[2021]
1TYRcvY3JTYoLVhADPpDH5,Red Light Indicates Doors Are Secured,Arctic Monkeys,"Whatever People Say I Am, That's What I'm Not",Indie,46,0.00316,0.622,0.846,0.0,0.0989,0.0311,0.914,110.683,B,Minor,-4.831,4/4,32,50.1,0.375,[2022]
5dmPNuHmRRJuHmJTDa7NuJ,Bambi,Hippo Campus,Bambi,Rock,66,0.0661,0.739,0.471,9.78e-05,0.116,0.0436,0.31,90.002,G#,Major,-8.456,4/4,32,29.7,0.719,[2021]
5G1sTBGbZT5o4PNRc75RKI,Lonely Boy,The Black Keys,El Camino,Rock,72,0.00417,0.356,0.872,0.00975,0.0997,0.068,0.607,166.3,D,Major,-7.837,4/4,32,30.8,0.667,"[2023, 2024]"
1i6N76fftMZhijOzFQ5ZtL,Psycho Killer - 2005 Remaster,Talking Heads,Talking Heads '77,Dance,72,0.0707,0.721,0.521,0.00552,0.127,0.0612,0.942,123.118,D,Major,-8.123,4/4,32,32.5,0.558,"[2022, 2024]"
45QyGXbqTWaFUrIKe2ugs3,D Is for Dangerous,Arctic Monkeys,Favourite Worst Nightmare,Rock,49,1.05e-05,0.551,0.928,0.000108,0.145,0.0365,0.736,145.057,C#,Major,-4.776,4/4,31,28.5,0.514,"[2023, 2024]"
2jggaUpOvn2G6Pv2HCEU6m,Esa noche,Café Tacvba,Re,Children’s Music,62,0.768,0.738,0.418,0.0,0.135,0.032,0.592,134.855,F#,Minor,-9.452,4/4,31,43.3,0.484,[2023]
5bJ1DrEM4hNCafcDd1oxHx,Self Care,Mac Miller,Swimming,Pop,81,0.367,0.52,0.538,0.00187,0.119,0.206,0.177,141.894,C#,Major,-8.109,4/4,31,38.1,0.645,[2021]
5ZaQW8tvH33GVJ0E3sLz2w,Misty Morning,Travis Bretzer,Bitter Suites,Indie,44,0.55,0.696,0.299,0.00014,0.131,0.0354,0.223,143.188,G,Major,-11.433,4/4,31,22.2,0.71,[2021]
0qRR9d89hIS0MHRkQ0ejxX,Rich Girl,Daryl Hall & John Oates,Bigger Than Both Of Us,Folk,68,0.461,0.573,0.683,0.0,0.0935,0.176,0.817,169.519,F,Major,-6.644,4/4,31,48.4,0.379,"[2024, 2025, 2026]"
2VMJkgrhqfOOYBlZif2nvX,She Wants My Money,Dominic Fike,"Don't Forget About Me, Demos",Alternative,63,0.771,0.704,0.478,0.000516,0.0875,0.047,0.42,128.789,A,Major,-6.562,4/4,31,29.5,0.548,[2021]
2IDaot6HBRmqldvBjCp0iA,Dug My Heart,BØRNS,Dopamine,Indie,53,0.024,0.571,0.811,0.000191,0.121,0.0903,0.601,166.066,A,Major,-5.497,4/4,31,35.3,0.581,[2021]
0Juciz8gOjrO89qw5KwQV5,Call Me Irresponsible - 2001 Remaster,Bobby Darin,From Hello Dolly To Goodbye Charlie,Soul,45,0.695,0.607,0.347,0.0,0.121,0.0369,0.644,125.485,G,Major,-12.241,4/4,30,34.8,0.367,[2022]
3Pu3IChaAoa5EjgUBv5F6x,Ballroom Blitz,Sweet,Desolation Boulevard,Rock,58,0.0821,0.644,0.799,0.00154,0.055,0.0598,0.889,108.382,E,Minor,-10.856,4/4,30,46.7,0.533,[2021]
0U3u0HdRQjD8mAMYBak4Ok,Saw You In A Dream,The Japanese House,Saw You In A Dream,Indie,62,0.0729,0.605,0.446,0.0,0.149,0.028,0.685,94.044,E,Major,-8.244,4/4,30,44.3,0.567,[2021]
7LngfsOr2JVe4y7VXnjqvn,Alive & Amplified,The Mooney Suzuki,Alive & Amplified,Blues,35,0.00014,0.314,0.983,0.000487,0.282,0.12,0.516,184.084,D,Major,-3.228,4/4,30,21.6,0.767,[2022]
0SBariQWfKjoslW2XSIFOm,Seventeen,Peach Pit,Sweet FA,Rock,57,0.00837,0.559,0.89,0.00759,0.103,0.0387,0.809,91.509,B,Major,-5.188,4/4,30,38.5,0.633,[2021]
3e5eR2DBoHD2qR4HN3YmTv,Whole Wide World,Bahamas,Pink Strat,Folk,62,0.598,0.731,0.447,0.000279,0.116,0.0386,0.595,108.838,F,Major,-9.038,4/4,29,37.5,0.448,[2022]
4V0x90QcMh4ZxwHzEWOdtK,Feel It All Around,Washed Out,Life of Leisure,Alternative,62,0.000105,0.34,0.737,0.762,0.0699,0.0582,0.499,172.022,G#,Major,-4.681,4/4,29,27.2,0.69,[2021]
2vVHf43MQ8V3gDbo8HRlnJ,Perhaps Vampires Is A Bit Strong But…,Arctic Monkeys,"Whatever People Say I Am, That's What I'm Not",Indie,48,0.000293,0.371,0.914,8.75e-05,0.0852,0.081,0.394,134.982,B,Minor,-4.917,4/4,29,36.8,0.655,[2022]
0ZRrJTPXDToRJ2iLo9oLrW,When The Sun Goes Down,Arctic Monkeys,"Whatever People Say I Am, That's What I'm Not",Rock,59,0.0341,0.348,0.875,0.0,0.117,0.199,0.407,169.152,B,Minor,-4.758,4/4,29,42.5,0.517,[2022]
2pA4ip3VIEVcIa3qE02oAX,"10,000 Emerald Pools",BØRNS,Dopamine,Rock,66,0.00694,0.568,0.578,0.000353,0.099,0.0404,0.555,139.951,F#,Major,-5.589,4/4,29,59.7,0.241,[2021]
1F6IbA7di42uPc3cff8PXV,Flaming Hot Cheetos,Clairo,Flaming Hot Cheetos,Pop,74,0.865,0.817,0.551,0.000151,0.101,0.133,0.142,109.966,G,Minor,-9.33,4/4,29,35.6,0.379,[2022]
6LOZws7T3jqZz78unPgFF9,Dead To Me,Kali Uchis,Isolation,Pop,66,0.432,0.675,0.761,0.0,0.102,0.0466,0.428,119.001,E,Minor,-4.469,4/4,29,45.3,0.483,[2021]
4lY95OMGb9WxP6IYut64ir,Shake It Out,Florence + The Machine,Ceremonials - Deluxe Edition,Pop,65,0.0126,0.519,0.808,0.0,0.105,0.0383,0.251,107.505,A#,Major,-4.097,4/4,29,134.3,0.172,[2023]
5ojVq0bohB1uEEMga1IO3j,You Probably Couldn't See For The Lights But You Were Staring Straight At Me,Arctic Monkeys,"Whatever People Say I Am, That's What I'm Not",Indie,46,0.00384,0.58,0.972,0.0,0.296,0.0589,0.926,105.492,B,Minor,-4.274,4/4,29,23.6,0.621,[2022]
2zPANzQTt5Nbkg0eBPb7HI,There Will Never Be Another You - Vocal Version,Chet Baker,Chet Baker Sings,Jazz,46,0.949,0.513,0.112,0.0018,0.0721,0.0574,0.577,168.754,D#,Major,-16.156,3/4,29,25.6,0.69,[2021]
7zFXmv6vqI4qOt4yGf3jYZ,Get You (feat. Kali Uchis),Daniel Caesar,Freudian,Pop,80,0.422,0.658,0.294,5.2e-05,0.0749,0.0321,0.358,74.038,E,Minor,-8.533,4/4,29,51.4,0.552,[2021]
6SpLc7EXZIPpy0sVko0aoU,Misery Business,Paramore,Riot!,Pop,71,0.00272,0.517,0.906,9.26e-06,0.113,0.0735,0.731,172.977,C#,Major,-3.677,4/4,29,19.6,0.724,[2021]
0ewrI06EIDMGXvgJxuyF3U,Dearly Departed (feat. Esmé Patterson),Shakey Graves,And The War Came,Folk,62,0.303,0.576,0.609,0.0,0.164,0.107,0.737,86.703,G,Major,-5.921,4/4,29,71.0,0.276,[2024]
1HYnjKqSSHh1tdl2Hi57zH,"Wasteland, Baby!",Hozier,"Wasteland, Baby!",Pop,65,0.612,0.427,0.407,0.386,0.109,0.0382,0.244,168.844,D,Major,-9.665,4/4,29,48.7,0.483,[2021]
09x9v1o51dbqi5H0u7UGfp,I Will - Remastered 2009,The Beatles,The Beatles,Rock,58,0.742,0.631,0.387,0.000406,0.0822,0.0262,0.832,103.11,F,Major,-11.529,4/4,28,22.7,0.536,[2021]
7sI80PK0P3tDCvULKszqzL,Set to Attack,Albert Hammond Jr,Francis Trouble,Rock,56,0.0453,0.765,0.806,0.0129,0.0914,0.0276,0.964,116.017,C,Minor,-4.464,4/4,28,28.5,0.643,[2022]
3bt6gBOA41MHQfXy0Jf855,Don't Know How To Keep Loving You,Julia Jacklin,Crushing,Folk,54,0.213,0.589,0.419,0.000187,0.106,0.0275,0.154,132.121,F,Minor,-6.524,4/4,28,53.4,0.643,[2022]
3AJwUDP919kvQ9QcozQPxg,Yellow,Coldplay,Parachutes,Pop,82,0.00239,0.429,0.661,0.00013,0.234,0.0281,0.285,173.365,B,Major,-7.227,4/4,28,53.5,0.436,"[2023, 2025]"
11EOvxJRG665bwRU0z6YVa,Luna,Bombay Bicycle Club,"So Long, See You Tomorrow",Children’s Music,57,0.0306,0.579,0.917,0.000579,0.143,0.048,0.387,121.989,F,Major,-5.4,4/4,28,44.9,0.464,[2021]
0W0euvQlhbcsTydzsD4EQk,Death Letter Blues,Son House,Father Of The Delta Blues: The Complete 1965 Sessions,Blues,38,0.865,0.803,0.288,0.0593,0.0833,0.0629,0.865,115.685,G,Minor,-15.418,4/4,27,70.2,0.135,"[2023, 2026]"
2Xb6wJYGi0QXwURw5WWvI5,Right Down the Line,Gerry Rafferty,City to City,Rock,66,0.213,0.783,0.322,0.00243,0.114,0.0343,0.77,128.226,C,Major,-15.091,4/4,27,55.3,0.373,"[2022, 2026]"
7G7tgVYORlDuVprcYHuFJh,Don't Dream It's Over,Crowded House,Crowded House,Rock,73,0.0148,0.439,0.422,4.84e-05,0.0697,0.0409,0.551,81.833,G#,Major,-17.227,4/4,27,60.4,0.369,"[2025, 2026]"
3MJov5mT64K42o1Rffhblq,Never in My Wildest Dreams,Dan Auerbach,Waiting on a Song,Rock,67,0.315,0.559,0.466,0.0039,0.0933,0.0362,0.623,117.21,F,Major,-6.769,4/4,27,32.3,0.593,[2022]
0hCjDPhl5JbFpYbrlebXvB,In the Kingdom,Mazzy Star,Seasons of Your Day,Children’s Music,51,0.537,0.338,0.456,0.331,0.0925,0.027,0.347,171.819,C,Major,-10.008,4/4,27,77.8,0.37,[2022]
03pRnmoWR9IVKkIR73iGIG,Take It Easy (Ever After Lasting Love),White Denim,Stiff,Blues,38,0.728,0.591,0.453,0.0395,0.142,0.0369,0.397,98.943,E,Major,-11.467,4/4,27,49.9,0.407,[2022]
4m3vLNZkFAjm30XxPXf7E3,Eres para Mí (with Anita Tijoux),Julieta Venegas,Limon Y Sal,Rock,64,0.0701,0.8,0.685,6.22e-06,0.278,0.0778,0.899,96.986,F#,Minor,-5.841,4/4,26,71.8,0.154,[2022]
0IVkP59yJ9GFF6B7IrvrxA,Paper Bag,Fiona Apple,When The Pawn...,Folk,51,0.714,0.715,0.446,2.29e-05,0.11,0.0366,0.845,140.969,C,Major,-9.904,3/4,26,51.6,0.308,[2022]
68qYhu1du0kbiyAtnIKNLh,Tea for Two,Albert Hammond Jr,Francis Trouble,Blues,43,0.114,0.604,0.749,0.0,0.0788,0.0313,0.737,110.044,G,Minor,-4.356,4/4,26,35.8,0.654,[2022]
1ZozGivTAYsOwhy6LVHsPX,Kool Thing,Sonic Youth,Goo,Rock,57,0.0107,0.25,0.8,0.111,0.118,0.0443,0.298,154.341,G,Major,-11.6,4/4,26,17.4,0.769,[2022]
1Jmqubf9kGkWeYQXQKImL5,People Are Strange,The Doors,Strange Days,Rock,69,0.685,0.699,0.467,0.0,0.315,0.0375,0.764,119.287,E,Minor,-8.578,4/4,26,18.0,0.517,"[2022, 2025]"
3ghXwIS6cr3P5InauKlqFy,These Days,The Black Keys,Brothers,Children’s Music,46,0.746,0.436,0.288,0.00208,0.098,0.0315,0.268,117.482,G,Major,-10.726,4/4,25,41.2,0.68,[2023]
4dneV7C1yDt9UtyxrQY375,Boys Don't Cry - Single Version,The Cure,Three Imaginary Boys,Dance,63,0.00486,0.465,0.841,0.0,0.109,0.0634,0.689,168.743,B,Minor,-5.767,4/4,25,35.9,0.4,[2024]
6i8gUFwd6cFuC20Wz4wDPq,Burning Man,Third Eye Blind,Third Eye Blind,Alternative,41,0.0176,0.666,0.655,2.37e-06,0.358,0.027,0.714,91.228,D,Major,-8.243,4/4,25,59.4,0.16,[2022]
3UI9I3e1g1y5T3SMfdgfGO,Colgando en tus manos (con Marta Sánchez),Carlos Baute,De mi puño y letra - Edicion Coleccionista,Pop,74,0.535,0.836,0.637,0.0,0.129,0.0367,0.875,120.025,F#,Major,-4.803,4/4,25,36.8,0.56,[2022]
4mdyVTV7Tr5YDFnD2kvSM4,Bruises,Chairlift,Does You Inspire You,Dance,56,0.0175,0.579,0.554,0.0221,0.101,0.0587,0.838,185.183,C,Major,-7.08,4/4,25,58.8,0.36,[2023]
0ElRzK07sc9eszyk1ea9Ab,Human Fly,The Cramps,Off The Bone,Dance,53,0.0389,0.531,0.849,0.00763,0.186,0.111,0.305,119.516,A,Major,-10.754,4/4,25,38.1,0.36,[2023]
5FFowl1Ve4S5OehL6OywSg,Waiting Room,Fugazi,13 Songs,Indie,61,0.00401,0.616,0.727,0.86,0.157,0.0365,0.54,92.259,C#,Minor,-8.176,4/4,25,33.6,0.36,[2022]
2gZUPNdnz5Y45eiGxpHGSc,POWER,Kanye West,My Beautiful Dark Twisted Fantasy,Rap,79,0.0162,0.543,0.915,0.0,0.744,0.113,0.577,153.998,C,Minor,-4.746,4/4,25,44.0,0.28,[2022]
1YrnDTqvcnUKxAIeXyaEmU,How Soon Is Now? - 2011 Remaster,The Smiths,Hatful of Hollow,Dance,68,0.000854,0.398,0.93,0.121,0.0874,0.0615,0.725,190.818,B,Major,-6.76,4/4,25,58.2,0.623,"[2024, 2025]"
2CzWeyC9zlDpIOZPUUKrBW,1234,Feist,The Reminder,Folk,60,0.219,0.71,0.491,1.99e-06,0.0859,0.0504,0.638,109.933,D,Major,-7.382,4/4,24,41.9,0.292,[2023]
1MHYAqWWdDRePmnqORynrq,Kathleen,Catfish and the Bottlemen,The Balcony,Rock,68,0.000406,0.487,0.888,0.00104,0.405,0.0887,0.563,137.939,B,Minor,-4.736,4/4,24,17.2,0.75,[2024]
5sCab5LlHPDB6NjvrZMwdX,Rudy,Rostam,Half-Light,Folk,41,0.377,0.654,0.605,0.0,0.0891,0.136,0.457,90.016,D,Major,-9.031,4/4,24,66.0,0.292,[2023]
4XYo3W8U6IY42EbB01rnR4,Heaven,Clairo,Heaven,Indie,64,0.224,0.733,0.262,4.79e-06,0.105,0.028,0.444,135.497,C,Major,-13.766,3/4,24,45.5,0.417,[2022]
2nGFzvICaeEWjIrBrL2RAx,Put Your Records On,Corinne Bailey Rae,Corinne Bailey Rae,R&B,77,0.167,0.739,0.511,1.34e-06,0.133,0.0362,0.542,96.038,A,Major,-7.844,4/4,24,64.2,0.253,"[2024, 2025, 2026]"
6MdqqkQ8sSC0WB4i8PyRuQ,No Diggity,Blackstreet,Another Level,R&B,79,0.303,0.868,0.646,0.0,0.284,0.288,0.67,88.641,C#,Minor,-4.674,4/4,24,130.6,0.125,[2023]
48UPSzbZjgc449aqz8bxox,Californication,Red Hot Chili Peppers,Californication,Rock,82,0.0021,0.592,0.767,0.00165,0.127,0.027,0.328,96.483,A,Minor,-2.788,4/4,24,73.3,0.292,[2023]
6Vmow8PuUaU7W1T2WWLZk2,Go Gina,SZA,Ctrl,Pop,65,0.799,0.603,0.606,0.0,0.391,0.114,0.463,80.176,A,Major,-6.634,4/4,24,48.7,0.333,[2023]
6L0BBPYeWnaQJeDa0ox0IA,Impossible Germany,Wilco,Sky Blue Sky,Country,49,0.584,0.553,0.727,0.138,0.113,0.0254,0.507,104.95,E,Minor,-6.395,4/4,23,77.7,0.464,"[2025, 2026]"
3KfbEIOC7YIv90FIfNSZpo,In My Life - Remastered 2009,The Beatles,Rubber Soul,Rock,72,0.449,0.688,0.435,0.0,0.113,0.0323,0.435,103.239,A,Major,-11.359,4/4,23,29.4,0.494,"[2024, 2025]"
3QIoEi8Enr9uHffwInGIsC,Please Come Home for Christmas - 2013 Remaster,Eagles,Please Come Home for Christmas / Funky New Year,Folk,48,0.599,0.612,0.289,0.00266,0.0561,0.0421,0.466,183.18,A,Major,-11.568,3/4,23,60.7,0.283,"[2023, 2025]"
6QQ0yYfjTS8XhiuDqGCXA3,Look At Grandma,Bo Diddley,Where It All Began,Blues,29,0.0472,0.694,0.842,0.0,0.0585,0.0972,0.635,116.155,G,Major,-6.298,4/4,23,32.2,0.522,[2022]
77oU2rjC5XbjQfNe3bD6so,Beast Of Burden - Remastered 1994,The Rolling Stones,Some Girls,Rock,73,0.387,0.787,0.877,0.00065,0.0387,0.032,0.837,100.61,C#,Minor,-3.822,4/4,23,76.6,0.304,[2023]
00t7QTffOR3SA3L1BvSQVq,Suicidal Thoughts - 2005 Remaster,The Notorious B.I.G.,Ready to Die - The Remaster; 2015 Remaster,Hip-Hop,63,0.44,0.506,0.505,2.3e-05,0.0938,0.444,0.0788,76.016,G#,Major,-10.198,4/4,23,49.9,0.261,[2022]
1K7xX7qHXeIMwfTtxieAxH,Head Alone,Julia Jacklin,Crushing,Folk,45,0.0594,0.614,0.591,1.45e-05,0.183,0.0328,0.379,114.992,B,Major,-5.724,4/4,23,31.3,0.522,[2022]
7dITAq1YP5e0kTcaDq4YWI,Limón y Sal,Julieta Venegas,Limon Y Sal,Rock,69,0.138,0.634,0.649,0.0,0.288,0.0255,0.491,111.03,B,Major,-6.056,4/4,22,39.0,0.409,[2022]
7mJG18yZGq0aXKWNtK3FQf,Algo Está Cambiando,Julieta Venegas,Si,Alternative,53,0.0635,0.64,0.6,8.48e-05,0.0925,0.0359,0.365,87.008,E,Minor,-7.997,4/4,22,45.8,0.364,[2022]
2g3JAKjKruTL40VffoGLmg,Blue Sunday,The Doors,Morrison Hotel,Rock,53,0.592,0.447,0.319,0.0385,0.0945,0.0283,0.133,73.868,F,Major,-11.642,4/4,22,22.9,0.546,[2023]
12lKq3hZs1BwcqKnA5VXxO,Velvet Ditch,The Arcs,"Yours, Dreamily,",Blues,39,0.000598,0.626,0.727,0.000596,0.1,0.0481,0.546,121.352,E,Minor,-9.829,3/4,22,13.9,0.818,[2022]
4iEOVEULZRvmzYSZY2ViKN,Left Hand Free,alt-J,This Is All Yours,Indie,64,0.462,0.697,0.877,0.00943,0.083,0.0462,0.802,101.99,D#,Major,-4.465,4/4,22,38.3,0.318,[2023]
3zksbXteOCeSusJ5Xltr3t,Bubble Gum,Clairo,Bubble Gum,Pop,60,0.979,0.509,0.0167,2.72e-05,0.387,0.115,0.229,207.97,A,Major,-24.639,3/4,22,56.4,0.182,[2023]
1Q5kgpp4pmyGqPwNBzkSrw,Roadhouse Blues,The Doors,Morrison Hotel,Rock,72,0.337,0.612,0.634,4.6e-05,0.147,0.0319,0.904,121.059,A,Major,-8.212,4/4,21,64.1,0.143,[2023]
1IFRVS4t1olI0XG9RBWdKH,The Girl,City and Colour,Bring Me Your Love (Special Edition),Folk,59,0.837,0.404,0.542,7.21e-05,0.137,0.0349,0.183,109.166,A#,Major,-7.578,4/4,21,37.6,0.381,[2023]
5773KSWFzg9kCc8yazjbSt,Deceptacon,Le Tigre,Le Tigre,Children’s Music,55,0.055,0.603,0.864,0.00493,0.0986,0.0668,0.616,160.488,E,Minor,-3.341,4/4,21,28.4,0.431,"[2025, 2026]"
4IU1RL4BKvFyXtbTwaHAvW,Ventura Highway,America,Homecoming,Rock,70,0.223,0.673,0.581,0.000206,0.063,0.029,0.818,130.771,D,Major,-10.205,4/4,21,27.2,0.524,[2024]
3fk5fBFB27GbWGATdBpOgr,Carmesí,Vicente Garcia,A la Mar,Reggae,63,0.654,0.809,0.508,0.000224,0.105,0.0328,0.732,121.968,C#,Major,-9.182,4/4,21,29.9,0.476,[2022]
3PG7BAJG9WkmNOJOlc4uAo,Femme Fatale,The Velvet Underground,The Velvet Underground & Nico 45th Anniversary,Alternative,52,0.913,0.55,0.145,0.0,0.118,0.0332,0.138,103.918,C,Major,-15.753,4/4,21,19.9,0.619,[2022]
3zYpRGnnoegSpt3SguSo3W,Off the Wall,Michael Jackson,Off the Wall,Pop,63,0.182,0.827,0.595,0.0,0.0785,0.0565,0.921,118.741,D#,Minor,-13.909,4/4,21,66.4,0.095,[2024]
6Y5k0NupErwLzOQXDxfVFa,Te Quiero Comer La Boca,La Mosca Tse-Tse,Buenos Muchachos,Ska,61,0.105,0.774,0.665,4.89e-05,0.148,0.0326,0.968,106.842,C,Major,-6.42,4/4,21,21.6,0.667,[2022]
2gNfxysfBRfl9Lvi9T3v6R,Disciples,Tame Impala,Currents,Rock,63,0.078,0.661,0.869,0.924,0.398,0.0334,0.8,126.971,F,Major,-5.477,4/4,21,12.5,0.667,[2024]
2fscHtYDKLd7xYRCTe3prP,Amor (Ft. Mon Laferte) - Mtv Unplugged,Los Auténticos Decadentes,Amor (Ft. Mon Laferte) (Mtv Unplugged),Children’s Music,70,0.0339,0.597,0.818,0.0,0.978,0.0472,0.688,92.869,A,Minor,-5.317,4/4,21,32.3,0.524,[2022]
10u9028SSfRyIKxV4xrzsg,Darling Baby,The Elgins,Hitsville USA - The Motown Singles Collection 1959-1971,Blues,44,0.419,0.574,0.53,0.0,0.241,0.0262,0.83,112.629,A#,Major,-10.111,3/4,20,34.3,0.25,[2023]
5lN1EH25gdiqT1SFALMAq1,Gold on the Ceiling,The Black Keys,El Camino,Indie,69,0.00772,0.505,0.833,7.9e-05,0.069,0.0475,0.565,130.121,C,Major,-4.632,4/4,20,44.6,0.2,[2023]
19Ym5Sg0YyOCa6ao21bdoG,Gypsy,Fleetwood Mac,Greatest Hits,Rock,69,0.017,0.622,0.54,0.00771,0.265,0.0261,0.847,130.879,F,Major,-13.99,4/4,20,36.1,0.595,"[2024, 2025, 2026]"
0gEyKnHvgkrkBM6fbeHdwK,Linger,The Cranberries,"Everybody Else Is Doing It, So Why Can't We?",Pop,76,0.0783,0.439,0.434,4.87e-05,0.14,0.0265,0.204,94.845,G,Major,-14.918,4/4,19,47.6,0.443,"[2024, 2025]"
5piJiL6aRhvrKBa9YuEfS9,Peace Frog,The Doors,Morrison Hotel,Rock,60,0.16,0.646,0.725,0.00324,0.345,0.0372,0.813,112.62,C,Major,-7.457,4/4,19,32.7,0.316,[2023]
53PkA8aXiwH4ppa0V0iO7o,oh baby,LCD Soundsystem,american dream,Folk,63,0.0192,0.58,0.622,0.653,0.648,0.0352,0.781,169.442,F,Major,-12.005,4/4,19,71.8,0.421,[2023]
7zMUCLm1TN9o9JlLISztxO,Burning Love,Elvis Presley,Elvis (Fool),Rock,68,0.0993,0.66,0.748,0.00585,0.283,0.0284,0.972,143.549,D,Major,-11.206,4/4,19,51.1,0.0,[2024]
0bRXwKfigvpKZUurwqAlEh,Lovely Day,Bill Withers,Menagerie,Soul,73,0.292,0.69,0.651,0.00241,0.105,0.0324,0.706,97.918,A,Major,-8.267,4/4,19,56.5,0.263,[2024]
1Omt5bfz1tZUCqd26HxbS0,Beyond,Leon Bridges,Good Thing,Blues,68,0.229,0.58,0.687,0.0,0.109,0.106,0.187,76.014,F#,Major,-5.4,4/4,19,48.9,0.158,[2025]
5RoIXwyTCdyUjpMMkk4uPd,Sweet Disposition,The Temper Trap,Conditions,Pop,66,0.0701,0.531,0.821,0.171,0.124,0.0439,0.34,129.139,D,Major,-6.812,4/4,18,36.7,0.444,[2023]
0djZ2ndRfAL69WYNra5jRC,April Come She Will,Simon & Garfunkel,Sounds Of Silence,Rock,58,0.863,0.489,0.186,0.000152,0.2,0.029,0.349,102.245,A,Major,-16.237,4/4,18,20.3,0.389,[2023]
5By7Pzgl6TMuVJG168VWzS,Michelle - Remastered 2009,The Beatles,Rubber Soul,Rock,67,0.652,0.578,0.29,0.0,0.105,0.0341,0.666,117.403,F,Minor,-12.501,4/4,18,32.2,0.333,[2023]
1nIUgRxbi4aY4fV5A26Jrp,I'll Be Your Man,The Black Keys,The Big Come Up,Blues,41,0.43,0.597,0.729,0.000281,0.167,0.0327,0.712,120.086,A,Major,-3.35,4/4,18,32.2,0.278,[2023]
7J3NsRNtQ0N7umdQQAlWNT,New Coat,White Denim,Last Day of Summer (Remastered),Blues,30,0.303,0.512,0.855,0.000129,0.0881,0.248,0.687,188.021,B,Minor,-6.177,4/4,18,22.2,0.389,[2023]
7oOOI85fVQvVnK5ynNMdW7,Rock with You - Single Version,Michael Jackson,Off the Wall,Pop,75,0.179,0.808,0.535,9.91e-05,0.158,0.0353,0.848,114.031,C#,Major,-12.521,4/4,18,33.5,0.5,[2024]
31H6au3jhblhr6MMJiXnCq,"Hungry Eyes - From ""Dirty Dancing"" Soundtrack",Eric Carmen,The Definitive Collection,Pop,73,0.011,0.712,0.549,0.0,0.118,0.0254,0.552,109.882,F,Major,-9.484,4/4,18,51.2,0.192,"[2024, 2025]"
1YLJVmuzeM2YSUkCCaTNUB,Dog Days Are Over,Florence + The Machine,Lungs,Pop,70,0.0416,0.492,0.81,0.00379,0.117,0.0847,0.245,149.954,G,Major,-5.315,4/4,18,16.4,0.722,[2023]
2ytWZnTYDffdE8q6bXV6VM,ScreMER,Albert Hammond Jr,Francis Trouble,Blues,32,0.0239,0.533,0.964,3.05e-06,0.0948,0.0919,0.652,126.096,B,Major,-3.042,4/4,17,27.4,0.353,[2023]
2UWdUez9MB9yzL7Y81Mcip,The Suburbs,Arcade Fire,The Suburbs,Indie,68,0.0578,0.616,0.682,0.0241,0.342,0.0265,0.528,117.78,F#,Minor,-6.148,4/4,16,61.1,0.25,[2023]
1Wrzhfa5bNlqvsnCztz190,Devuélveme a mi chica,Hombres G,Hombres G,Alternative,68,0.0031,0.603,0.843,0.0337,0.445,0.0557,0.503,172.676,A,Minor,-7.597,4/4,16,39.1,0.062,[2025]
0hDQV9X1Da5JrwhK8gu86p,Maps,Yeah Yeah Yeahs,Fever To Tell,Folk,66,0.000413,0.502,0.94,0.542,0.553,0.084,0.144,119.762,G,Major,-5.178,4/4,16,19.4,0.625,[2023]
4mvPRLDf0ZedTzzXaXEavJ,Listen to Your Friends,Declan McKenna,What Do You Think About the Car?,Rock,58,0.293,0.324,0.839,0.0,0.224,0.0819,0.679,99.941,A,Major,-7.08,4/4,16,20.4,0.688,[2024]
0P09TBGSKiQwfUsEh1UafT,The World Was Wide Enough,Leslie Odom Jr.,Hamilton,Jazz,62,0.466,0.653,0.351,0.0,0.107,0.648,0.309,116.605,F,Major,-12.776,3/4,16,30.5,0.233,"[2025, 2026]"
2qOm7ukLyHUXWyR4ZWLwxA,It Was A Good Day,Ice Cube,The Predator,Rap,74,0.321,0.796,0.748,4.94e-05,0.217,0.126,0.802,82.384,F,Minor,-5.409,4/4,15,36.0,0.333,[2024]
2W9u3whoCkQYOUbmnSrHi1,What'd I Miss,Daveed Diggs,Hamilton,Children’s Music,65,0.169,0.539,0.577,0.0,0.14,0.386,0.319,177.786,G,Major,-7.762,4/4,15,20.0,0.5,"[2025, 2026]"
0nCAVzknkzRXRgB6LhRv04,Molly's Chambers,Kings of Leon,Youth And Young Manhood,Indie,61,0.222,0.598,0.911,3.84e-06,0.216,0.0515,0.953,146.469,B,Major,-3.97,4/4,15,16.9,0.4,[2024]
2sEq2rC3ynYsT49x7utWnd,Dear Theodosia,Leslie Odom Jr.,Hamilton,Jazz,67,0.906,0.601,0.222,4.11e-05,0.0723,0.0303,0.271,106.754,A,Major,-10.485,4/4,14,9.4,0.742,"[2025, 2026]"
5vmRQ3zELMLUQPo2FLQ76x,Smalltown Boy,Bronski Beat,The Age of Consent,Rock,71,0.288,0.685,0.584,0.00918,0.124,0.0276,0.939,134.546,F,Minor,-10.616,4/4,14,19.3,0.643,[2024]
1oTHteQbmJw15rPxPVXUTv,Insane in the Brain,Cypress Hill,Black Sunday,Hip-Hop,71,0.0297,0.897,0.612,0.186,0.0894,0.211,0.767,102.305,B,Major,-10.489,4/4,13,41.8,0.077,[2025]
225xvV8r1yKMHErSWivnow,"I Don't Want to Miss a Thing - From ""Armageddon"" Soundtrack",Aerosmith,Armageddon - The Album,Rock,78,0.165,0.383,0.662,0.0,0.248,0.0333,0.138,121.154,D,Major,-5.162,4/4,13,13.3,0.692,[2024]
1Y373MqadDRtclJNdnUXVc,Paranoid - 2012 - Remaster,Black Sabbath,Paranoid,Rock,69,4.52e-05,0.415,0.658,0.000735,0.176,0.0696,0.45,163.015,E,Minor,-12.051,4/4,13,28.9,0.154,[2024]
07CyrZF9eVd02zzIse7tZA,In Between Days - 2006 Remaster,The Cure,The Head on the Door,Children’s Music,53,0.109,0.541,0.83,0.701,0.167,0.0316,0.711,142.592,A,Major,-6.246,4/4,12,20.4,0.682,"[2024, 2026]"
46eu3SBuFCXWsPT39Yg3tJ,Don't Stop 'Til You Get Enough,Michael Jackson,Off the Wall,Pop,77,0.126,0.878,0.821,0.0461,0.183,0.089,0.947,118.881,B,Major,-9.875,4/4,12,40.5,0.333,[2024]
0PDCewmZCp0P5s00bptcdd,This Will Be (An Everlasting Love),Natalie Cole,Inseparable,Rock,71,0.228,0.685,0.623,0.00234,0.0295,0.042,0.896,126.739,G#,Major,-11.146,4/4,12,24.2,0.167,[2024]
1CsMuJeMzRqNgS7G0fo1Gv,How to Fight Loneliness,Wilco,Summerteeth,Folk,52,0.596,0.692,0.378,0.11,0.134,0.0308,0.4,123.658,B,Minor,-12.671,4/4,12,24.5,0.417,[2025]
4MLBqAEzNN89o2M9h92Z26,Get Back - Remastered 2009,The Beatles,Let It Be,Rock,65,0.492,0.761,0.592,0.00626,0.61,0.0586,0.332,123.095,D,Major,-9.836,4/4,12,25.2,0.333,[2024]
7tZwFmarYtM2Yxy8IRW8wb,Baby Where You Are,Mountain Man,Magic Ship,Folk,43,0.945,0.608,0.0491,0.0321,0.115,0.0382,0.337,127.688,G,Major,-19.527,3/4,12,11.1,0.667,[2024]
6xxXrNJnnsQNLdgNk8S4y8,Hate To Say I Told You So,The Hives,Veni Vidi Vicious,Dance,60,0.00109,0.451,0.929,0.00785,0.442,0.0549,0.378,135.767,F,Major,-5.021,4/4,12,7.2,0.75,[2024]
27qG9sy9FaxB7sd3pRMAAO,Jackie Wants a Black Eye,Dr. Dog,"Shame, Shame",Folk,44,0.151,0.508,0.695,1.1e-06,0.448,0.12,0.707,143.142,C,Major,-5.368,4/4,11,19.0,0.454,[2024]
5lWRaa0fBxDE5yU91npPq7,Just A Girl,No Doubt,Tragic Kingdom,Rock,63,0.0999,0.637,0.904,8.2e-05,0.138,0.0505,0.77,108.011,D,Major,-4.769,4/4,11,22.3,0.091,[2024]
2B4Y9u4ERAFiMo13XPJyGP,"Here, There And Everywhere - Remastered 2009",The Beatles,Revolver,Rock,61,0.921,0.29,0.247,0.00565,0.0917,0.0383,0.36,165.361,G,Major,-12.125,4/4,11,3.7,0.833,"[2025, 2026]"
4RvWPyQ5RL0ao9LPZeSouE,Everybody Wants To Rule The World,Tears For Fears,Songs From The Big Chair,Pop,81,0.372,0.638,0.8,0.00553,0.113,0.0572,0.569,112.055,G,Major,-12.077,4/4,11,12.9,0.727,[2024]
6suRRwX61xSMfU7wJuCVdy,For Reasons Unknown,The Killers,Sam's Town,Rock,61,0.000458,0.504,0.884,0.0399,0.108,0.0366,0.516,140.398,D#,Major,-4.214,4/4,11,17.0,0.454,[2024]
64D3dzWyj0GpQT1AHx4kbK,Panic - 2011 Remaster,The Smiths,Louder Than Bombs,Indie,62,0.0175,0.53,0.861,0.0177,0.0857,0.0372,0.844,130.476,G,Major,-4.67,4/4,11,10.0,0.636,[2024]
6zeDYmP3ARpURvpK29Q09P,Someday,Sugar Ray,14:59,Rock,56,0.0105,0.745,0.682,0.0862,0.21,0.0287,0.938,110.857,C#,Minor,-4.39,4/4,10,10.4,0.7,[2024]
1qjrYozGqc7upUgfN776lZ,Sara Smile,Daryl Hall & John Oates,Daryl Hall & John Oates (The Silver Album),Rock,65,0.354,0.592,0.397,0.000894,0.119,0.0676,0.205,150.038,D,Minor,-10.81,3/4,10,12.8,0.6,[2024]
0zqmyB1prgGGiOS10sjH8A,"When They Fight, They Fight",Generationals,Con Law,Pop,62,0.242,0.755,0.898,0.000145,0.144,0.0323,0.966,119.756,B,Minor,-2.051,4/4,10,16.4,0.4,[2024]
3mYCd23hPxJW5okSvMoy3x,Heart In a Cage,The Strokes,First Impressions Of Earth,Children’s Music,50,2.73e-06,0.418,0.857,0.805,0.368,0.0404,0.12,140.02,G#,Major,-5.133,4/4,10,17.1,0.5,[2024]
6yCjhDzcVIfxvTjBKhhn7P,Sunday Morning,No Doubt,Tragic Kingdom,Rock,53,0.00906,0.589,0.785,1.82e-05,0.127,0.0312,0.787,157.109,E,Major,-5.367,4/4,10,25.0,0.3,[2024]
7MBSbBrx0TvBYyKEcpGcJb,Sweet Marie,The Walters,Young Men,Indie,52,0.914,0.245,0.425,0.646,0.116,0.0324,0.254,203.816,A,Major,-8.379,4/4,10,13.3,0.3,[2024]
3mlMpmY8oZIBFc39D9zLbh,The Long And Winding Road - Remastered 2009,The Beatles,Let It Be,Rock,61,0.756,0.299,0.329,0.0105,0.0559,0.0279,0.392,132.282,D#,Major,-10.096,4/4,10,19.4,0.4,[2024]
5ovcVaOus1Wv4vTtyGXlhB,Either Way,Wilco,Sky Blue Sky,Folk,45,0.597,0.542,0.546,0.00382,0.111,0.0323,0.344,74.797,E,Minor,-9.927,4/4,10,12.7,0.667,"[2025, 2026]"
7m7V3K1yHLfJB2Sx9FKinU,Just to Hear You Say That You Love Me (with Tim McGraw),Faith Hill,Faith,Country,42,0.292,0.473,0.536,0.0,0.107,0.0251,0.216,82.769,C#,Major,-8.517,4/4,10,13.7,0.7,[2024]
0LpHC9mhPAQC98IjXZIrif,The Election of 1800,Daveed Diggs,Hamilton,Children’s Music,62,0.319,0.731,0.42,0.0,0.306,0.463,0.645,67.41,A#,Major,-10.199,4/4,10,19.7,0.5,"[2025, 2026]"
6squXSZ3rl7tENdZiOuIEj,Here In My Arms,Leon Bridges,Coming Home,Soul,56,0.608,0.555,0.414,0.00615,0.0969,0.0261,0.673,73.64,C#,Minor,-8.514,4/4,10,16.4,0.2,[2024]
2AX5E86cn9n2dgioZEjirI,Golden Brown,The Stranglers,La Folie,Dance,67,0.143,0.562,0.383,0.124,0.138,0.0304,0.599,93.764,F#,Major,-15.474,3/4,10,20.9,0.3,[2024]
5NQYyej46WQkgCbnzGD21W,Dear Prudence - Remastered 2009,The Beatles,The Beatles,Rock,59,0.16,0.388,0.529,0.0681,0.108,0.0436,0.332,150.721,G,Major,-10.533,4/4,9,21.7,0.444,[2025]
2tznHmp70DxMyr2XhWLOW0,Cigarette Daydreams,Cage The Elephant,Melophobia,Indie,71,0.0801,0.635,0.675,0.0,0.0831,0.0263,0.273,113.946,D,Major,-3.445,4/4,8,21.0,0.25,[2025]
6xE6ZWzK1YDDSYzqOCoQlz,Last Train to London,Electric Light Orchestra,Discovery,Folk,64,0.396,0.727,0.537,0.000789,0.349,0.0295,0.954,121.493,G,Major,-9.785,4/4,8,27.6,0.2,"[2025, 2026]"
0u3U5RQBk1VHOnVfuBd2BF,Teenage Dream,T. Rex,Scott Pilgrim vs. the World (Original Motion Picture Soundtrack),Blues,40,0.027,0.354,0.902,5.14e-05,0.672,0.137,0.574,126.688,C,Major,-4.687,4/4,8,5.5,0.875,[2025]
0qxYx4F3vm1AOnfux6dDxP,You Can Call Me Al,Paul Simon,Graceland (25th Anniversary Deluxe Edition),Folk,76,0.182,0.776,0.763,0.0065,0.077,0.0535,0.82,128.433,F,Major,-8.124,4/4,8,14.8,0.5,[2025]
5ihS6UUlyQAfmp48eSkxuQ,Landslide,Fleetwood Mac,Fleetwood Mac,Rock,78,0.883,0.414,0.161,0.000223,0.117,0.0318,0.423,159.375,G,Minor,-22.32,4/4,8,15.8,0.367,"[2025, 2026]"
2BY7ALEWdloFHgQZG6VMLA,Brandy (You're a Fine Girl),Looking Glass,Looking Glass,Rock,73,0.54,0.719,0.768,1.59e-05,0.146,0.0766,0.772,125.315,C#,Minor,-7.528,4/4,7,10.3,0.286,[2025]
0ZiGRciYMWrDvCPNM0T21o,big fat mouth,Arlie,Wait,Indie,53,0.0678,0.605,0.827,7.62e-06,0.182,0.0454,0.858,128.023,D,Major,-5.15,4/4,7,18.3,0.286,[2025]
4ZoBC5MhSEzuknIgAkBaoT,My Life,Billy Joel,52nd Street,Folk,59,0.108,0.741,0.647,0.00139,0.0555,0.0427,0.804,131.097,D,Major,-12.878,4/4,6,14.2,0.5,[2025]
37lotBTQcBbYI7vEoGsOfg,Under the Stars,Hans Zimmer,The Lion King,Soundtrack,51,0.624,0.297,0.171,0.515,0.109,0.0473,0.112,108.469,G,Major,-20.747,3/4,6,2.2,0.667,[2026]
6tunhVGD8C05MZNjSVIsjw,It Never Rains in Southern California,Albert Hammond,It Never Rains In Southern California,Rock,61,0.124,0.626,0.565,0.0,0.0811,0.0271,0.924,116.61,A,Major,-10.027,4/4,6,11.4,0.333,[2025]
2MLHyLy5z5l5YRp7momlgw,Island In The Sun,Weezer,Weezer,Rock,75,0.00719,0.654,0.81,0.00251,0.165,0.0288,0.661,114.623,E,Minor,-6.26,4/4,6,14.6,0.167,[2025]
1yKu2MhpwzDXXH2tzG6xoa,Beverly Hills,Weezer,Make Believe,Children’s Music,68,0.0932,0.693,0.823,0.0,0.328,0.0726,0.741,87.904,F,Major,-3.761,4/4,6,9.2,0.333,[2025]
6OiRh4kttAs1YWglvTcYkB,Alrighty Aphrodite,Peach Pit,Being So Normal,Rock,61,0.00605,0.534,0.724,0.0929,0.108,0.0495,0.503,81.846,F#,Minor,-4.675,4/4,6,0.4,1.0,[2025]
4MTNJQ4reRfe0L96z1UAM4,O Katrina!,Black Lips,Scott Pilgrim vs. the World (Original Motion Picture Soundtrack),Blues,37,0.00114,0.255,0.855,0.000985,0.113,0.0407,0.835,179.678,A,Major,-5.73,4/4,6,3.4,0.833,[2025]
5zA8vzDGqPl2AzZkEYQGKh,Uptown Girl,Billy Joel,An Innocent Man,Rock,79,0.0747,0.701,0.943,0.0,0.601,0.0456,0.791,128.992,E,Major,-2.986,4/4,6,10.4,0.5,[2025]
12q3V8ShACq2PSWINMc2rC,It's Too Late,Carole King,Tapestry,Folk,66,0.498,0.45,0.441,0.00562,0.133,0.0352,0.811,208.282,A,Minor,-12.718,4/4,6,10.7,0.5,[2025]
1gpBDeONibvJyQYEv5HJh9,Drop the Guillotine,Peach Pit,Being So Normal,Rock,57,0.0381,0.514,0.881,9.55e-06,0.103,0.0629,0.577,87.541,C,Major,-6.52,4/4,6,7.7,0.667,[2025]
5RsUlxLto4NZbhJpqJbHfN,Jessie's Girl,Rick Springfield,Working Class Dog,Rock,70,0.164,0.727,0.832,0.0,0.105,0.05,0.822,131.703,D,Major,-5.851,4/4,6,18.2,0.0,[2025]
1H7gMYGykdtwZOV6s1N0by,Norwegian Wood (This Bird Has Flown) - Remastered 2009,The Beatles,Rubber Soul,Rock,68,0.183,0.425,0.369,0.00126,0.112,0.0379,0.65,176.625,E,Major,-11.876,3/4,6,5.9,0.667,[2025]
37zuIvk4KBkAxxLJsxJaHq,Would That I,Hozier,"Wasteland, Baby!",Pop,65,0.243,0.521,0.526,0.00537,0.108,0.0281,0.502,130.694,F,Major,-6.032,4/4,6,5.0,0.833,[2025]
7L3b6iaVhDVjfo52Hbvh9Z,Edge of Seventeen - 2016 Remaster,Stevie Nicks,Bella Donna,Rock,63,0.327,0.591,0.804,5.98e-06,0.0818,0.0454,0.658,111.457,C,Major,-7.299,4/4,5,2.1,0.8,[2025]
01MBhRpvFkbeRwAp7gcF2W,E-Pro,Beck,Guero,Children’s Music,50,0.00182,0.622,0.948,0.151,0.0827,0.0978,0.665,95.785,A,Major,-6.169,4/4,5,6.8,0.6,[2025]
7dSCxR4LqkmxoBrq9MzVSD,Psycho Killer,Talking Heads,Talking Heads '77,Folk,43,0.0586,0.721,0.401,0.00259,0.122,0.0661,0.944,123.384,D,Major,-12.139,4/4,5,5.4,0.6,[2025]
254bXAqt3zP6P50BdQvEsq,Everywhere - 2017 Remaster,Fleetwood Mac,Tango In the Night,Rock,79,0.258,0.73,0.487,0.01,0.0852,0.0303,0.731,114.965,E,Major,-10.991,4/4,5,7.1,0.6,[2026]
7iN1s7xHE4ifF5povM6A48,Let It Be - Remastered 2009,The Beatles,Let It Be,Rock,79,0.631,0.443,0.403,0.0,0.111,0.0322,0.41,143.462,C,Major,-8.339,4/4,5,4.2,0.8,[2025]
01SfTM5nfCou5gQL70r6gs,Golden Slumbers - Remastered 2009,The Beatles,Abbey Road,Rock,64,0.326,0.419,0.152,0.0034,0.113,0.0277,0.239,80.608,C,Major,-12.126,4/4,5,0.4,1.0,[2025]
0Bi1yywe4x2EpWgcuCZ1Hb,Bittersweet Symphony - Jim Eno Sessions,Mondo Cozmo,Spotify Singles,Alternative,43,0.0201,0.396,0.789,0.0639,0.0762,0.0303,0.458,169.985,A,Major,-8.245,4/4,5,11.6,0.6,[2025]
3X7uFMzJrEE0sxn62qd8Ch,Nothing's Gonna Stop Us Now,Starship,No Protection,Rock,75,0.0298,0.643,0.801,0.0,0.0719,0.0228,0.534,95.988,F#,Major,-4.921,4/4,5,5.6,0.6,[2025]
3dVQcur9BPd2yrDEx6wMRH,Killer Diller Blues - Music from The American Epic Sessions,Alabama Shakes,Killer Diller Blues,Folk,49,0.857,0.566,0.571,0.000593,0.141,0.0494,0.967,163.293,C,Major,-5.288,4/4,5,8.8,0.2,[2025]
1OYOLWqKmhkFIx2KC9ek1a,Colors of the Wind,Judy Kuhn,Pocahontas,Movie,64,0.933,0.249,0.17,0.000344,0.103,0.0573,0.219,62.659,C#,Major,-17.232,4/4,5,12.6,0.2,[2025]
5RgFlk1fcClZd0Y4SGYhqH,She's Always a Woman,Billy Joel,The Stranger (Legacy Edition),Rock,73,0.797,0.292,0.324,0.000473,0.12,0.0346,0.384,176.631,D#,Major,-11.996,3/4,5,3.6,0.8,[2025]
0VXp4zDspR993l2hIKW17g,Anthems For A Seventeen Year-Old Girl,Broken Social Scene,You Forgot It In People,Folk,59,0.214,0.483,0.446,0.0159,0.132,0.0359,0.403,80.093,E,Major,-9.417,4/4,5,4.8,0.8,[2025]
3PQEaRs2JEwtk79IqbQYt1,Blue Monday '88 - 2015 Remaster,New Order,Singles,Rock,53,2.79e-05,0.701,0.878,0.522,0.0608,0.035,0.875,130.512,G,Major,-7.911,4/4,5,5.0,0.8,[2025]
45WX2cfbL8bCIqv3rOq1G3,I'll Follow The Sun - Remastered 2009,The Beatles,Beatles For Sale,Rock,59,0.789,0.689,0.313,0.0,0.144,0.0366,0.625,133.754,C,Major,-10.073,4/4,5,6.0,0.2,[2025]
4UF1eupXP9Zz5GpYepyOxI,Razorblade,The Strokes,First Impressions Of Earth,Indie,52,0.00201,0.394,0.859,0.233,0.1,0.0409,0.511,136.075,A,Major,-3.851,5/4,5,0.2,1.0,[2025]
1OppEieGNdItZbE14gLBEv,You Can't Hurry Love,The Supremes,The Supremes A' Go-Go,Pop,75,0.344,0.486,0.725,0.0,0.0831,0.0661,0.694,193.249,A#,Major,-9.263,4/4,5,6.2,0.4,[2025]
2AMfSTT0oPLON96dztugKE,Pull Away,Leon Bridges,Coming Home,Soul,51,0.451,0.639,0.468,0.0102,0.12,0.0231,0.42,97.53,F,Major,-8.329,3/4,4,6.1,0.5,[2025]
4w3tQBXhn5345eUXDGBWZG,9 to 5,Dolly Parton,9 To 5 And Odd Jobs,Country,77,0.416,0.554,0.783,1.54e-06,0.631,0.0457,0.813,105.39,F#,Major,-5.852,4/4,4,6.6,0.25,[2026]
1xOXXYh6lTW8laxlW7JP2J,Only the Good Die Young,Billy Joel,The Stranger (Legacy Edition),Rock,62,0.159,0.579,0.872,0.0,0.0935,0.159,0.761,76.214,C,Major,-6.126,4/4,4,8.3,0.5,[2025]
58uDCyprC3aa3x70fUv8dk,Monotonia,The Growlers,Monotonia,Rock,52,0.509,0.61,0.802,0.0149,0.104,0.0281,0.756,122.071,D,Minor,-4.582,4/4,4,4.1,0.75,[2026]
0elCmyfISzkP5tAYTVuYjS,August,flipturn,Citrona,Indie,46,0.0892,0.45,0.602,0.00622,0.103,0.0273,0.16,172.25,F#,Major,-4.308,4/4,4,2.6,0.75,[2025]
4lY95OMGb9WxP6IYut64ir,Shake It Out,Florence + The Machine,Ceremonials,Pop,65,0.0126,0.519,0.808,0.0,0.105,0.0383,0.251,107.505,A#,Major,-4.097,4/4,4,10.0,0.0,[2025]
1c478uMN61yF2JOXXEtsdw,Spectrum (Say My Name) - Calvin Harris Remix,Florence + The Machine,Spectrum (Say My Name) EP,Folk,53,0.0028,0.589,0.941,0.00151,0.0896,0.0509,0.59,126.113,B,Minor,-3.735,4/4,4,1.4,0.75,[2025]
2fdMAIsNH4wY7RRda8aCfL,You and I,Wilco,Wilco (The Album),Folk,44,0.285,0.71,0.652,2.87e-05,0.166,0.0294,0.597,122.189,G#,Major,-7.476,4/4,4,8.3,0.25,[2025]
3AhXZa8sUQht0UEdBJgpGc,Like a Rolling Stone,Bob Dylan,Highway 61 Revisited,Rock,72,0.729,0.483,0.721,0.0,0.189,0.032,0.562,95.261,C,Major,-6.836,4/4,4,12.9,0.25,[2025]
4U45aEWtQhrm8A5mxPaFZ7,Vienna,Billy Joel,The Stranger (Legacy Edition),Folk,68,0.659,0.532,0.495,0.0,0.0754,0.0343,0.308,124.936,A#,Major,-6.662,4/4,4,10.7,0.25,[2025]
3PzsbWSQdLCKDLxn7YZfkM,I'm On Fire,Bruce Springsteen,Born In The U.S.A.,Rock,72,0.589,0.62,0.446,0.0299,0.0727,0.0347,0.868,88.591,C#,Minor,-14.451,4/4,4,2.7,0.75,[2026]
3mwvKOyMmG77zZRunnxp9E,Buddy Holly,Weezer,Weezer,Alternative,68,0.00336,0.553,0.913,0.000375,0.103,0.0396,0.829,121.159,G#,Major,-4.563,4/4,4,5.8,0.25,[2025]
1gFNm7cXfG1vSMcxPpSxec,"Ob-La-Di, Ob-La-Da - Remastered 2009",The Beatles,The Beatles,Rock,67,0.232,0.818,0.728,0.0642,0.251,0.0314,0.975,113.059,A#,Major,-8.331,4/4,4,4.5,0.5,[2025]
20hQFBI3Fvene9YT75JUNM,Ramona,Beck,Scott Pilgrim vs. the World (Original Motion Picture Soundtrack),Folk,47,0.0313,0.408,0.582,0.803,0.142,0.0294,0.325,123.068,A,Minor,-7.102,4/4,4,9.4,0.25,[2025]
0dOg1ySSI7NkpAe89Zo0b9,Born in the U.S.A.,Bruce Springsteen,Born In The U.S.A.,Rock,74,0.000373,0.398,0.952,7.75e-05,0.1,0.061,0.584,122.093,E,Major,-6.042,4/4,4,4.9,0.75,[2026]
6XxsaUGWRXc30HgewJ10M8,"Bitch, I Love You",Black Joe Lewis & The Honeybears,Black Joe Lewis & The Honeybears,Blues,41,0.00153,0.516,0.781,0.00116,0.275,0.0311,0.787,98.106,E,Major,-3.694,3/4,4,0.1,1.0,[2026]
0L0T4tMAaGqLgIVj1MOj9t,Father Figure - Remastered,George Michael,Faith,Rock,64,0.163,0.689,0.333,3.36e-05,0.0853,0.0262,0.284,101.988,D#,Major,-13.288,4/4,4,11.3,0.5,[2026]
2DNXgvkyv35vTWvdgjs7qn,Someone New,Hozier,Hozier (Expanded Edition),Pop,69,0.429,0.443,0.533,3.66e-06,0.332,0.0473,0.596,183.791,G,Major,-5.956,4/4,4,9.9,0.25,[2025]
6WCeFNVAXUtNczb7lqLiZU,Crocodile Rock,Elton John,Don't Shoot Me I'm Only The Piano Player,Rock,68,0.0326,0.626,0.803,1.35e-05,0.0596,0.0358,0.968,149.918,E,Minor,-7.214,4/4,4,5.1,0.25,[2026]
2DnJjbjNTV9Nd5NOa1KGba,You're So Vain,Carly Simon,No Secrets,Folk,76,0.157,0.659,0.678,6.69e-06,0.0784,0.0313,0.647,106.186,C,Major,-8.18,4/4,4,7.1,0.5,[2025]
6gTrbqZnyljwXdYQTyBkSx,You Make Me Feel Like Dancing - Remastered,Leo Sayer,Endless Flight,Rock,53,0.0848,0.728,0.718,0.0,0.0579,0.0501,0.733,95.922,G#,Minor,-5.281,4/4,4,6.6,0.5,[2026]
6KEWtSOGKpIXGw6l1uJgsR,The Things We Do For Love,10cc,Deceptive Bends,Rock,65,0.163,0.637,0.528,0.0,0.122,0.0394,0.781,106.949,C#,Major,-9.837,4/4,3,0.1,1.0,[2026]
1dvOwoHwZB9SwvRw2Gv3nz,To Binge (feat. Little Dragon),Gorillaz,Plastic Beach,Children’s Music,56,0.58,0.576,0.511,3.89e-05,0.261,0.0315,0.957,206.473,D,Major,-7.006,4/4,3,0.1,1.0,[2026]
6txWz9UapYHVxEd7dDIHXT,No Rain,Blind Melon,Blind Melon,Rock,75,0.619,0.389,0.476,5.09e-05,0.255,0.0316,0.566,148.117,A,Major,-9.342,4/4,3,2.4,0.667,[2026]
5Anh8jULgeUgciLHCR25Mk,Like A Star,Corinne Bailey Rae,Corinne Bailey Rae,R&B,64,0.715,0.605,0.226,0.0001,0.35,0.0347,0.142,122.713,D,Minor,-10.617,4/4,3,8.1,0.333,[2026]
3B4q6KbHbGV51HO3GznBFF,What I Got,Sublime,Sublime,Reggae,70,0.00877,0.804,0.696,0.000985,0.314,0.0899,0.657,95.721,G,Major,-7.47,4/4,3,5.2,0.333,[2026]
5E8yddtSG3sH4hw2SfwcgW,Can You Feel the Love Tonight,Joseph Williams,The Lion King,Movie,68,0.808,0.296,0.132,0.0,0.543,0.0719,0.477,166.765,F,Major,-19.311,3/4,3,1.9,0.667,[2026]
3yXC4ltez6LwFDh5Lk8k7v,King of Pride Rock,Hans Zimmer,The Lion King,Soundtrack,49,0.702,0.192,0.135,0.73,0.102,0.0415,0.077,126.759,F,Major,-22.859,4/4,3,0.5,1.0,[2026]
0odIT9B9BvOCnXfS0e4lB5,Bette Davis Eyes,Kim Carnes,Mistaken Identity,Rock,73,0.0204,0.675,0.649,0.0,0.0959,0.0319,0.596,116.624,F,Major,-10.271,4/4,2,3.8,0.5,[2026]
7m8PDR3PRg5lPhWMdYrktc,Trouble Sleeping,Corinne Bailey Rae,Corinne Bailey Rae,Folk,54,0.14,0.636,0.55,0.0,0.0763,0.0237,0.535,90.97,F,Minor,-6.905,4/4,2,3.7,0.5,[2026]
0mRQp2HsSqX1MZuMvonAPN,Let Me Roll It - 2010 Remaster,Paul McCartney,Band On The Run,Folk,54,0.0327,0.338,0.407,0.00246,0.081,0.0371,0.519,172.612,E,Major,-8.506,3/4,2,4.2,0.0,[2026]
0l4tZquzNX3KM43B6iHY76,Paris Nights / New York Mornings,Corinne Bailey Rae,The Sea,Soul,34,0.17,0.556,0.574,0.000598,0.11,0.042,0.575,161.043,D,Minor,-9.133,4/4,2,0.0,1.0,[2026]
26Vcf2qFrnaa0pFJkGFh61,Sanctify,St. Paul & The Broken Bones,Sea of Noise,Soul,55,0.103,0.418,0.344,0.198,0.214,0.0391,0.231,111.709,G,Major,-8.42,4/4,2,0.0,1.0,[2026]
1p80LdxRV74UKvL8gnD7ky,Blank Space,Taylor Swift,1989,Pop,69,0.085,0.752,0.678,1.64e-06,0.13,0.0646,0.583,96.009,F,Major,-5.421,4/4,2,3.9,0.0,[2026]
3BdHMOIA9B0bN53jbE5nWe,Blue Light,Mazzy Star,So Tonight That I Might See,Children’s Music,48,0.837,0.451,0.222,0.63,0.0978,0.0285,0.179,138.943,E,Major,-15.508,3/4,2,0.1,1.0,[2026]
3Cx4yrFaX8CeHwBMReOWXI,We Didn't Start the Fire,Billy Joel,Storm Front,Rock,71,0.0771,0.712,0.967,0.0,0.356,0.047,0.895,145.024,G,Major,-5.206,4/4,2,0.1,1.0,[2026]
2KH16WveTQWT6KOG9Rg6e2,Eye of the Tiger,Survivor,Rocky IV,Rock,77,0.132,0.817,0.599,0.000311,0.0873,0.0328,0.548,108.873,C,Minor,-9.249,4/4,2,0.2,1.0,[2026]
4JGKZS7h4Qa16gOU3oNETV,Dreams,The Cranberries,"Everybody Else Is Doing It, So Why Can't We?",Rock,73,0.00313,0.551,0.643,0.00385,0.421,0.0353,0.514,128.661,E,Major,-13.091,4/4,2,0.1,1.0,[2026]
0qxtQ8rf3W1nId3D2r0xH4,I Just Can't Wait to Be King,Jason Weaver,The Lion King,Movie,71,0.294,0.625,0.52,5.99e-05,0.0951,0.0586,0.902,98.819,F#,Major,-14.213,4/4,2,0.1,1.0,[2026]
1Dr1fXbc2IxaK1Mu8P8Khz,When I Come Around,Green Day,Dookie,Pop,76,0.0175,0.531,0.909,0.0,0.231,0.034,0.814,97.546,B,Major,-4.236,4/4,2,2.8,0.5,[2026]
3MFa9idQuY4iJLWsZl3tIQ,Young Hearts Run Free,Candi Staton,Young Hearts Run Free,Soul,65,0.13,0.653,0.652,1.58e-05,0.202,0.0427,0.846,115.388,G,Minor,-9.304,4/4,2,4.2,0.5,[2026]
0HU5JnVaKNTWf6GykV9Zn8,Circle of Life,Carmen Twillie,The Lion King,Movie,66,0.074,0.324,0.391,0.0,0.286,0.0423,0.594,83.307,A#,Major,-16.093,4/4,2,4.2,0.5,[2026]
1m3BAsNsQAaSNMD2M6vlKY,Breezin',George Benson,Breezin',Jazz,58,0.476,0.682,0.752,0.863,0.0768,0.0454,0.964,81.081,D,Major,-9.521,4/4,2,5.8,0.5,[2026]
3lh3iiiJeiBXHSZw6u0kh6,Into the Mystic - 2013 Remaster,Van Morrison,Moondance,Folk,72,0.367,0.608,0.524,0.00254,0.115,0.0309,0.797,86.204,G#,Major,-10.266,4/4,2,5.9,0.0,[2026]
3fbnbn6A5O5RNb08tlUEgd,Streets of Philadelphia - Single Edit,Bruce Springsteen,Greatest Hits,Rock,70,0.341,0.724,0.249,0.11,0.0933,0.0321,0.444,93.667,F,Major,-15.488,4/4,2,0.3,1.0,[2026]
4kP69y3GKHi9tXckfgp4bK,For Once In My Life,Stevie Wonder,For Once In My Life,Soul,73,0.195,0.524,0.519,0.0,0.523,0.043,0.847,110.121,F#,Major,-11.903,4/4,2,5.7,0.0,[2026]
05wIrZSwuaVWhcv5FfqeH0,Walking On Sunshine,Katrina & The Waves,Katrina & The Waves,Pop,79,0.0116,0.596,0.869,0.173,0.0678,0.037,0.944,109.902,A#,Major,-11.97,4/4,2,4.0,0.5,[2026]
6BrMEbPSSj55nQhkgf6DnE,"Please, Please, Please, Let Me Get What I Want - 2011 Remaster",The Smiths,Hatful of Hollow,Indie,65,0.534,0.241,0.468,0.0,0.161,0.0272,0.451,91.581,D,Major,-9.579,3/4,2,0.1,1.0,[2026]
6mYrhCAGWzTdF8QnKuchXM,If I Could Turn Back Time,Cher,Heart Of Stone,Pop,73,0.244,0.654,0.566,0.0,0.123,0.0268,0.527,108.293,B,Major,-10.313,4/4,2,4.0,0.5,[2026]
5e9TFTbltYBg2xThimr0rU,The Chain - 2004 Remaster,Fleetwood Mac,Rumours,Rock,78,0.009,0.545,0.67,0.000822,0.0451,0.0496,0.481,151.553,A,Major,-8.81,4/4,2,0.1,1.0,[2026]
5dRQUolXAVX3BbCiIxmSsf,Your Love,The Outfield,Super Hits,Pop,71,0.103,0.555,0.757,1.16e-06,0.0631,0.0601,0.582,129.607,C#,Minor,-7.868,4/4,2,1.7,0.5,[2026]
5ZoDwIP1ntHwciLjydJ8X2,My Cherie Amour,Stevie Wonder,My Cherie Amour,Soul,61,0.228,0.574,0.507,4.57e-06,0.279,0.0258,0.514,101.085,F#,Major,-11.343,4/4,2,2.9,0.5,[2026]
5k3U0OGYBccHdKJJu3HrUN,Hakuna Matata,Nathan Lane,The Lion King,Movie,68,0.59,0.417,0.313,1.98e-05,0.116,0.119,0.728,164.565,C,Major,-17.986,4/4,2,0.0,1.0,[2026]
5l9c6bJmzvftumhz4TMPgk,Harvest Moon,Neil Young,Harvest Moon,Rock,71,0.526,0.648,0.309,0.000249,0.124,0.0264,0.407,112.929,D,Major,-12.432,4/4,2,0.0,1.0,[2026]
6GsP3uMCd0Dn5T37C93waZ,Sick Love,Red Hot Chili Peppers,The Getaway,Children’s Music,66,0.183,0.591,0.794,0.0,0.292,0.069,0.875,147.974,E,Minor,-5.935,4/4,2,4.9,0.0,[2026]
0X5C4WjQNubRysTkHOubz3,Lovesong - 2010 Remaster,The Cure,Disintegration,Rock,61,0.339,0.611,0.813,0.898,0.224,0.0279,0.821,140.112,A,Minor,-7.689,4/4,2,3.6,0.5,[2026]
1ynmMEK1fkyiZ6Z6F3ThEt,Centerfold,The J. Geils Band,Freeze Frame,Folk,71,0.249,0.653,0.677,0.0,0.403,0.0396,0.888,114.37,C,Major,-12.244,4/4,2,3.7,0.5,[2026]
5JwK7v6XhG0YgqDuCgzOy8,And She Was,Talking Heads,Little Creatures,Folk,51,0.013,0.763,0.629,0.0585,0.0756,0.0322,0.973,126.477,A,Major,-9.947,4/4,2,3.7,0.5,[2026]
2wQN8tMYOHStr6Q61jh0IK,...To Die For,Hans Zimmer,The Lion King,Soundtrack,48,0.773,0.0801,0.254,0.913,0.281,0.0655,0.0442,76.23,E,Major,-20.334,3/4,2,0.1,1.0,[2026]
2T5Ch09nefwckOu5NQvjIk,Carolina in My Mind,James Taylor,Greatest Hits,Folk,67,0.118,0.579,0.267,0.000562,0.132,0.0348,0.353,74.899,E,Major,-15.11,4/4,2,3.2,0.5,[2026]
4yqtwO7MQIIXqoiRBPHAgR,Money for Nothing,Dire Straits,Brothers in Arms,Rock,62,0.0491,0.667,0.655,0.000894,0.0641,0.0367,0.657,134.212,D,Minor,-9.339,4/4,2,0.0,1.0,[2026]
0Ko9gGyOSjYxb71VBZotZW,Boss D.J.,Sublime,Robbin' The Hood,Reggae,37,0.741,0.586,0.261,0.0,0.168,0.0485,0.559,126.057,G,Major,-7.107,4/4,2,5.6,0.0,[2026]
4vDBJeeQCbhP9FaPPMsYkY,Give Me One Reason,Tracy Chapman,New Beginning,Pop,72,0.602,0.608,0.419,7.58e-06,0.108,0.0331,0.602,100.22,B,Major,-10.016,4/4,2,4.5,0.5,[2026]
39lSeqnyjZJejRuaREfyLL,Hungry Like the Wolf - 2009 Remaster,Duran Duran,Rio,Pop,72,0.0433,0.691,0.812,1.16e-06,0.299,0.0558,0.685,127.568,C,Major,-7.772,4/4,2,7.4,0.0,[2026]
39shmbIHICJ2Wxnk1fPSdz,Should I Stay or Should I Go - Remastered,The Clash,Combat Rock (Remastered),Rock,79,0.079,0.742,0.833,0.0,0.384,0.115,0.816,113.375,D,Major,-6.463,4/4,2,3.6,0.5,[2026]
5qsm0eGh4vPXOOEKNrH6cX,Hold On Tight,Boney James,Send One Your Love,Jazz,37,0.622,0.537,0.521,0.859,0.12,0.0432,0.781,135.589,D#,Minor,-11.084,4/4,2,5.1,0.5,[2026]
16VhHtoaOjTU4AJBNSBNQ1,"Hey, Hey, What Can I Do - Remaster",Led Zeppelin,Coda,Rock,61,0.166,0.468,0.858,0.000304,0.0807,0.0543,0.526,77.987,C#,Major,-9.639,4/4,2,0.1,1.0,[2026]
0GTK6TesV108Jj5D3MHsYb,Owner of a Lonely Heart,Yes,90125,Rock,69,0.306,0.695,0.746,0.00524,0.368,0.0387,0.885,125.123,G,Major,-8.12,4/4,1,0.0,1.0,[2026]
0Ps4Eh6SQjeLnubbCsQTDD,Little Bit,Lykke Li,Youth Novels,Pop,58,0.158,0.819,0.736,0.00161,0.109,0.0416,0.701,120.318,G,Major,-6.504,4/4,1,4.6,0.0,[2026]
0EANX0OVKSCcmarY50Xa4p,Can You Feel the Love Tonight - End Title,Elton John,The Lion King,Rock,58,0.88,0.309,0.179,0.000346,0.117,0.0337,0.167,121.498,A#,Major,-17.077,4/4,1,0.0,1.0,[2026]
0QwZfbw26QeUoIy82Z2jYp,Good Times Bad Times - 1993 Remaster,Led Zeppelin,Led Zeppelin,Rock,71,0.0382,0.476,0.717,7.61e-05,0.0818,0.0949,0.753,93.584,A,Major,-9.192,4/4,1,0.0,1.0,[2026]
010ALbbh5KlQ4fKWgSdhRd,Look On Down From The Bridge,Mazzy Star,Among My Swan,Rock,60,0.642,0.37,0.0772,0.69,0.112,0.0414,0.0954,119.942,C,Major,-19.322,4/4,1,0.1,1.0,[2026]
0B1zVsLqmV9ibIFdNS5tGs,I Saw the Light,Todd Rundgren,Something / Anything?,Country,51,0.0531,0.583,0.833,5.57e-05,0.16,0.0343,0.81,119.884,C,Major,-8.29,4/4,1,0.0,1.0,[2026]
0AqjkVFqa1ujle4Lb1k9wR,The Ocean - Remaster,Led Zeppelin,Houses of the Holy,Rock,55,0.08,0.401,0.56,0.0121,0.361,0.0612,0.735,88.256,A,Major,-8.7,4/4,1,0.4,1.0,[2026]
0PKmDncVOiNQLO6D1P6PXi,I Won't Say (I'm In Love),Susan Egan,Hercules,Movie,59,0.228,0.684,0.481,0.0,0.157,0.0391,0.48,121.208,C,Major,-10.305,4/4,1,0.0,1.0,[2026]
0KMGxYKeUzK9wc5DZCt3HT,If You Leave Me Now,Chicago,Chicago X,Folk,73,0.0193,0.429,0.564,0.000828,0.128,0.0268,0.276,104.212,B,Major,-6.784,4/4,1,0.5,0.0,[2026]
0X1sqQ652p1sceKM2nJlIJ,Runaway,Bon Jovi,Bon Jovi,Rock,68,0.00482,0.476,0.897,2.38e-05,0.152,0.0627,0.667,152.497,A,Minor,-4.237,4/4,1,0.1,1.0,[2026]
05f8Hg3RSfiPSCBQOtxl3i,When the Levee Breaks - Remaster,Led Zeppelin,Led Zeppelin IV,Rock,62,0.00217,0.271,0.766,0.52,0.0707,0.0329,0.803,142.914,F,Major,-8.03,4/4,1,0.0,1.0,[2026]
00Ci0EXS4fNPnkTbS6wkOh,Electric Love - Oliver Remix,BØRNS,Electric Love,Indie,52,0.00109,0.44,0.766,0.00696,0.26,0.0712,0.0889,122.986,A,Major,-5.93,4/4,1,0.0,1.0,[2026]
