year,track_id,track_name,artist_name,album_name,plays,total_minutes,skip_rate,shuffle_rate,has_features
2017,5uplevkaUGRLExATEbSQiR,Someday,The Growlers,Hung At Heart,160,353.08,0.2625,0.3062,True
2017,2b9D3N4pnBUbYXVi7vbWy4,Living In A Memory,The Growlers,Hung At Heart,136,356.73,0.1618,0.5956,True
2017,2N4idqj9TT3HnH2OFT9j0v,Still Beating,Mac DeMarco,This Old Dog,123,289.81,0.1951,0.4797,True
2017,6YQeOwMMAkB9MV9yMWmrjh,Threat of Joy,The Strokes,Future Present Past,114,292.36,0.307,0.4649,True
2017,5n0CTysih20NYdT2S0Wpe8,Trouble,Cage The Elephant,Tell Me I'm Pretty,110,255.58,0.3636,0.1636,True
2017,4BOHngI1gLDA5OZFTZVAHl,One Million Lovers,The Growlers,Hung At Heart,104,227.83,0.3846,0.2212,True
2017,6dU5RxthbuaN31bRbEDlNw,Everlasting Light,The Black Keys,Brothers,101,273.65,0.1881,0.198,True
2017,08l9WKDuRyGeStQ9ojTlFh,Meet Me in the Bathroom,The Strokes,Room On Fire,100,190.9,0.34,0.14,True
2017,17jEoYoOfRD6dvNCMmC9n4,City Club,The Growlers,City Club,100,214.67,0.34,0.12,True
2017,57Xjny5yNzAcsxnusKmAfA,Reptilia,The Strokes,Room On Fire,100,185.31,0.42,0.17,True
2017,43O3Iu8mDJy10i6k8SVRXX,Take It or Leave It,Cage The Elephant,Melophobia,99,254.48,0.1717,0.3131,True
2017,7hm4HTk9encxT0LYC0J6oI,Someday,The Strokes,Is This It,97,154.93,0.3918,0.3814,True
2017,2HWFdHcyJAipiBNMoq0olx,Black Memories,The Growlers,Chinese Fountain,96,194.34,0.1979,0.1979,True
2017,0BQH5uHglCuHVImyCjOOHc,Unknown Brother,The Black Keys,Brothers,91,274.42,0.2967,0.044,True
2017,6gU7ohksNd6LsEJMWfDRhp,Soma,The Strokes,Is This It,91,164.51,0.2637,0.3956,True
2017,3kKb3U3a8jmUJQB9ypE1Jl,Under Control,The Strokes,Room On Fire,90,193.79,0.2,0.2111,True
2017,5KupfEBaVJwL7D2ZN0n1Q1,Trying Your Luck,The Strokes,Is This It,90,240.42,0.1556,0.4222,True
2017,3xuRKGbalblooPG3Fojb4Y,Late Bloomers,The Growlers,Late Bloomers,89,337.25,0.1124,0.1124,True
2017,21Ay8Y9Pr91nSauPGtK6MW,Barely Legal,The Strokes,Is This It,88,192.14,0.3068,0.4091,True
2017,0JxNCIvcLphN1oAafpvDWW,I'll Be Around,The Growlers,City Club,87,176.09,0.3448,0.1954,True
2017,0SGkqnVQo9KPytSri1H6cF,Bounce Back,Big Sean,I Decided.,86,151.93,0.3372,0.1512,True
2017,5FVd6KXrgO9B3JPmC8OPst,Do I Wanna Know?,Arctic Monkeys,AM,86,208.14,0.314,0.4302,True
2017,3PaeOar0UeLiyigqJfNAfN,Wednesday,Good Morning,Shawcross,85,152.93,0.2471,0.5176,True
2017,1420BGhbXGkIJtbtBlfpYE,The Modern Age,The Strokes,Is This It,83,187.84,0.3012,0.3976,True
2017,3n69hLUdIsSa1WlRmjMZlW,Breezeblocks,alt-J,An Awesome Wave,82,173.58,0.3537,0.0122,True
2017,5M1TnHDDigSFAEK5U8euc3,Chinese Fountain,The Growlers,Chinese Fountain,81,182.64,0.3704,0.1358,True
2017,6mVD1SfTvlFAPVi7txFL5H,Machu Picchu,The Strokes,Angles,81,162.32,0.3457,0.4321,True
2017,2AT8iROs4FQueDv2c8q2KE,R U Mine?,Arctic Monkeys,AM,80,142.63,0.2625,0.425,True
2017,3LkxF4JpVLJJcVuM55bXvR,Beach Rats,The Growlers,Hung At Heart,80,170.06,0.35,0.3375,True
2017,58ge6dfP91o9oXMzq3XkIS,505,Arctic Monkeys,Favourite Worst Nightmare,79,144.25,0.3924,0.2278,True
2017,3SUusuA9jH1v6PVwtYMbdv,Last Nite,The Strokes,Is This It,77,158.69,0.2857,0.4286,True
2017,3d8y0t70g7hw2FOWl9Z4Fm,Ophelia,The Lumineers,Cleopatra,77,147.99,0.1948,0.4026,True
2017,086myS9r57YsLbJpU0TgK9,Why'd You Only Call Me When You're High?,Arctic Monkeys,AM,76,148.45,0.25,0.2632,True
2017,7qHBtTdpBLRUQGQxshfRd2,Big Toe,The Growlers,Chinese Fountain,76,106.12,0.3684,0.1579,True
2017,2jZgzSxNSg1hTCq0ewWHGJ,Junk Of The Heart (Happy),The Kooks,Junk Of The Heart,75,129.88,0.32,0.16,True
2017,5MZBOcqI3Vpvp2PZy6ddyD,The Way It Is,The Strokes,Room On Fire,74,113.07,0.3108,0.3108,True
2017,0seTertVGvHrEJu7hlIWRq,Take It Or Leave It,The Strokes,Is This It,73,145.39,0.3014,0.4932,True
2017,6QgPBFvt3r9LeZDL5YsgJO,Pet Shop Eyes,The Growlers,Hung At Heart,73,128.68,0.3699,0.4795,True
2017,01MO5Ib9mCG7srUhZl52BA,Going Gets Tough,The Growlers,Chinese Fountain,71,130.5,0.3662,0.1408,True
2017,2LGdO5MtFdyphi2EihANZG,Knee Socks,Arctic Monkeys,AM,71,157.68,0.338,0.338,True
2017,5OmumaYiHYXUsYZPGLFTYJ,Between Love & Hate,The Strokes,Room On Fire,71,120.48,0.4225,0.0986,True
2017,0jBE7Fn78EAvmIs3dCd6GO,Is This It,The Strokes,Is This It,70,77.45,0.5286,0.4857,True
2017,6SdAztAqklk1zAmUHhU4N7,Taken for a Fool,The Strokes,Angles,70,183.13,0.3143,0.3286,True
2017,3b1IQflSLrgzYQPGFzI9cl,Es Por Ti,Juanes,Un Día Normal,68,185.21,0.2206,0.3382,True
2017,6u0x5ad9ewHvs3z6u9Oe3c,Under Cover of Darkness,The Strokes,Angles,68,130.92,0.3824,0.2794,True
2017,2lffRiAET2Xt6BNb4EmkS2,80's Comedown Machine,The Strokes,Comedown Machine,67,179.0,0.2985,0.2239,True
2017,5b4NWxJgdM4EkCrsnFK7m3,Naked Kids,The Growlers,Hung At Heart,66,137.75,0.3939,0.2576,True
2017,3FtYbEfBqAlGO46NUDQSAt,Electric Feel,MGMT,Oracular Spectacular,65,115.17,0.3846,0.1077,True
2017,7eqoqGkKwgOaWNNHx90uEZ,Nights,Frank Ocean,Blonde,64,134.95,0.2969,0.3281,True
2017,0OM9ri37LIbPc9hffwsyb1,Hard To Explain,The Strokes,Is This It,63,149.15,0.3175,0.5079,True
2017,0SsOtRt4U3eicmUHPBfIHf,Turnaround,Hans Zimmer,The Little Prince (Original Motion Picture Soundtrack),62,138.81,0.1935,0.6935,True
2017,0dy6iXYIF0piirySAzCBwF,The End Has No End,The Strokes,Room On Fire,62,98.98,0.4516,0.2258,True
2017,2iCzZEPF8GTfQ1v4WCi7De,The Daisy Chain,The Growlers,City Club,62,116.41,0.2742,0.2419,True
2017,3Y4rUyw7XBCK6hGHCOt6rp,"Call It Fate, Call It Karma",The Strokes,Comedown Machine,61,142.52,0.1967,0.1967,True
2017,78Gzxi27GuNHTfkn2BylG4,What Ever Happened?,The Strokes,Room On Fire,61,82.09,0.4918,0.1803,True
2017,4UmJMAY5TqXPAnsDW1Mci7,"Alone, Together",The Strokes,Is This It,60,112.23,0.35,0.5,True
2017,6lnnaGN20kl0jEYJSxCgU9,You Talk Way Too Much,The Strokes,Room On Fire,59,77.72,0.5254,0.1525,True
2017,7ygO2E3yfwZVYbzaPdGzed,Guru,Coast Modern,Guru,59,104.35,0.2881,0.1356,True
2017,0Fv5N0cHBsl4bzCbollCAS,Moves,Big Sean,I Decided.,58,61.6,0.4483,0.1207,True
2017,3iiObSfkcBsETljmSB4Hcs,When It Started,The Strokes,Is This It,58,107.03,0.2759,0.5345,True
2017,6L8Ic6HJHrAqwObG3wuaLT,Rare Hearts,The Growlers,Chinese Fountain,58,188.43,0.1897,0.2931,True
2017,3zQJdKcFjiHEz7Xqum4bom,Black Widow,Cage The Elephant,Melophobia,57,131.49,0.193,0.2281,True
2017,4qjqO5m5e5vebk9upd7xUU,Never Gonna Give You Up,The Black Keys,Brothers,57,134.05,0.2456,0.0,True
2017,71bWpBImqNaLjIvfV50Hsa,Love Test,The Growlers,Chinese Fountain,57,164.67,0.2456,0.2105,True
2017,78J9MBkAoqfvyeEpQKJDzD,Step,Vampire Weekend,Modern Vampires of the City,57,168.93,0.2105,0.1404,True
2017,26ZnmGlPGXaOzPDydAP9D5,She's Long Gone,The Black Keys,Brothers,56,157.67,0.2143,0.0357,True
2017,6K4t31amVTZDgR3sKmwUJJ,The Less I Know The Better,Tame Impala,Currents,56,69.29,0.5357,0.1786,True
2017,7KmawNv6JUgZ54gSyVF6VQ,Let Her Go,Mac DeMarco,Salad Days,56,115.18,0.25,0.4286,True
2017,7eX5SypK35V8Y9d9pS6rWy,I Can't Win,The Strokes,Room On Fire,56,110.29,0.2321,0.1786,True
2017,7w87IxuO7BDcJ3YUqCyMTT,Pumped Up Kicks,Foster The People,Torches,56,126.11,0.3393,0.0536,True
2017,4fPBB44eDH71YohayI4eKV,You Only Live Once,The Strokes,First Impressions Of Earth,55,110.19,0.3091,0.3091,True
2017,67LKZcv1J2Yj4pk5UIuFQW,Warned You,Good Morning,Shawcross,55,56.68,0.4545,0.1636,True
2017,7nzsY8vlnKdvGOEE0rjAXZ,Arabella,Arctic Monkeys,AM,55,109.59,0.3091,0.4364,True
2017,1PmaWG47wJRCIOM9v8Bauo,Hypocrite,Cage The Elephant,Melophobia,54,152.92,0.2037,0.2407,True
2017,2ZQ3CJY6iddn38oOoPGKfb,Night Ride,The Growlers,City Club,53,120.8,0.3208,0.0755,True
2017,2vupkXhwL4sNCRgNu72HCZ,Heart It Races - Cover Version,Dr. Dog,Heart It Races,53,100.46,0.4151,0.0377,True
2017,6xqCTPxYnRf8X0p6N5Vw2T,Ooh La,The Kooks,Inside In / Inside Out,53,96.27,0.3774,0.1887,True
2017,7q0aQpiLv5tIsupcgQ3Ny4,Budapest,George Ezra,Wanted on Voyage,53,102.86,0.2642,0.434,True
2017,0LtOwyZoSNZKJWHqjzADpW,Feels Like We Only Go Backwards,Tame Impala,Lonerism,52,78.96,0.3654,0.3846,True
2017,0tkBOcK7oRVXQJY97zzSvr,Telescope,Cage The Elephant,Melophobia,52,94.92,0.4231,0.3269,True
2017,269xqcgGTN9PlivhUkOLhX,In My Feelings,Lana Del Rey,Lust For Life,52,152.56,0.1346,0.0192,True
2017,6XX1r0P3P5zt992tCcHrms,Dull Boy,The Growlers,Chinese Fountain,52,109.67,0.2885,0.1538,True
2017,2UE4m8egf0aREmOi47sDOk,Next Girl,The Black Keys,Brothers,51,109.65,0.2549,0.1373,True
2017,2y42MmBCfEhqIkFAJs0V8Z,Black Mud,The Black Keys,Brothers,51,57.98,0.4314,0.0784,True
2017,4HRa9ZWcmZ8JD7UySPu0wT,Don't Stop (Color on the Walls),Foster The People,Torches,51,60.65,0.5098,0.1765,True
2017,2imZHlyJK5Cai1hfOAUK4h,Old Friend,The Walters,Songs for Dads,50,79.47,0.32,0.2,True
2017,59xYAblNy1Xr4U1IsJ3gZb,Simple As This,Jake Bugg,Jake Bugg,50,168.29,0.06,0.04,True
2017,78ECvz2vs1obDkLdbMEdJK,Driving to Hawaii,Summer Salt,Driving to Hawaii,50,92.07,0.3,0.34,True
2017,7floNISpH8VF4z4459Qo18,Look At Me!,XXXTENTACION,Look At Me!,50,38.35,0.52,0.32,True
2017,2MVwrvjmcdt4MsYYLCYMt8,Tighten Up,The Black Keys,Brothers,49,106.23,0.3265,0.0612,True
2017,4sebUbjqbcgDSwG6PbSGI0,Come a Little Closer,Cage The Elephant,Melophobia,49,40.58,0.6939,0.2041,True
2017,718purgMpFb2Axhuz0Hbq1,Chances,The Strokes,Comedown Machine,49,106.24,0.2653,0.2449,True
2017,0dhjrarbKUbYt8SB8YTjoZ,Magnificent Sadness,The Growlers,Chinese Fountain,48,94.1,0.3958,0.2083,True
2017,21sa0bWFqOFEYPtahlt4Lt,Crying Lightning,Arctic Monkeys,Humbug,48,114.82,0.2708,0.2917,True
2017,3FRRgKEg2CK20D0ElLBioS,Good Advice,The Growlers,Chinese Fountain,48,91.51,0.3333,0.1667,True
2017,4qkwbl6SxwLE09pxLAFINt,Sweet to Me,Summer Salt,Driving to Hawaii,48,69.94,0.4792,0.3125,True
2017,6Yu1OL8I0D4vjOzYdsXYGK,12:51,The Strokes,Room On Fire,48,74.32,0.375,0.1667,True
2017,7wYU1avLwl1Gtkib8OTrZp,Dionysus,The Buttertones,Buttertones,48,86.33,0.3958,0.1458,True
2017,0NdTUS4UiNYCNn5FgVqKQY,Snap Out Of It,Arctic Monkeys,AM,47,86.21,0.2766,0.4043,True
2017,290xSzR8Ee9fm82poMg4od,Used to Be in Love,The Jungle Giants,Quiet Ferocity,47,110.28,0.2979,0.0,True
2018,0FgNSsaSZTvbLXUumSO8LQ,Star Treatment,Arctic Monkeys,Tranquility Base Hotel & Casino,197,852.41,0.1878,0.066,True
2018,31u6rUeIEXGrYVoh10U7eu,Leave It In My Dreams,The Voidz,Virtue,190,619.54,0.1947,0.0053,True
2018,1JdArJ9NKCF9TQASGQgszg,The World's First Ever Monster Truck Front Flip,Arctic Monkeys,Tranquility Base Hotel & Casino,145,367.23,0.1517,0.0897,True
2018,6113aOfHIC0vbZVDZ6PpRV,Days,The Drums,Portamento,135,507.27,0.1852,0.037,True
2018,4ePP9So5xRzspjLFVVbj90,Two Princes,Spin Doctors,Pocket Full Of Kryptonite,126,375.52,0.246,0.2698,True
2018,6VFaZ3zgXaRbc79GRqhbBz,Wink,The Voidz,Virtue,116,294.5,0.2931,0.0,True
2018,7seSDB6TiLZarbicyDIjiQ,Batphone,Arctic Monkeys,Tranquility Base Hotel & Casino,111,470.92,0.1622,0.0901,True
2018,2AKwcNHeGAqCpD6etK425X,One Point Perspective,Arctic Monkeys,Tranquility Base Hotel & Casino,109,236.14,0.3211,0.0275,True
2018,1o22EcqsCANhwYdaNOSdwS,Tessellate,alt-J,An Awesome Wave,106,258.87,0.1887,0.0094,True
2018,6pMRk6Tr05wmZSSINOqzE3,QYURRYUS,The Voidz,Virtue,104,130.79,0.5096,0.0,True
2018,1sxUaLi0G2vB7dl4ogtCxH,Never Let You Go - 2008 Remaster,Third Eye Blind,Blue,95,235.55,0.2,0.0421,True
2018,5uplevkaUGRLExATEbSQiR,Someday,The Growlers,Hung At Heart,93,164.35,0.4409,0.086,True
2018,7zpHInsypgrnY9zTeCXtI4,ALieNNatioN,The Voidz,Virtue,92,216.73,0.3587,0.0109,True
2018,4pDrMVAsQn0uqo9sb6C8E2,Reckless Serenade,Arctic Monkeys,Suck It and See,91,194.24,0.1978,0.0659,True
2018,6K5GAopLZzzg0ZX8k5GWwh,The Start Of Something,Voxtrot,Raised By Wolves EP,89,152.63,0.4607,0.0,True
2018,0tfvDUmADEEEqrPcRJNT29,Pyramid of Bones,The Voidz,Virtue,86,154.75,0.5,0.0116,True
2018,3LkxF4JpVLJJcVuM55bXvR,Beach Rats,The Growlers,Hung At Heart,86,190.43,0.3023,0.0698,True
2018,57oJKJys4oC7NTR7hwZkPU,Science Fiction,Arctic Monkeys,Tranquility Base Hotel & Casino,86,163.44,0.2907,0.0581,True
2018,7wmYgsLNRB9EpqpvR3hkvN,Problems III,The Growlers,Casual Acquaintances,86,225.98,0.2442,0.0349,True
2018,3nAq2hCr1oWsIU54tS98pL,Waves,Kanye West,The Life Of Pablo,84,118.24,0.4643,0.0476,True
2018,0mQiDbYxHElUp1eNpLZXaY,American Sports,Arctic Monkeys,Tranquility Base Hotel & Casino,83,148.2,0.2771,0.0482,True
2018,4Ee6ZsyVepVsvObgYwzgH1,Permanent High School,The Voidz,Virtue,83,175.97,0.4217,0.0,True
2018,4hQdpbUJTPVBYV7ebPK6NT,Heaven in Hell,The Growlers,Casual Acquaintances,83,241.16,0.1687,0.0,True
2018,3n69hLUdIsSa1WlRmjMZlW,Breezeblocks,alt-J,An Awesome Wave,79,108.37,0.5443,0.0253,True
2018,7co8zvT6HJuyT81IDukyID,Tranquility Base Hotel & Casino,Arctic Monkeys,Tranquility Base Hotel & Casino,79,181.63,0.2911,0.0506,True
2018,7w6QlKAOcNEnqRgrnJvQtr,Stuck on the puzzle,Alex Turner,Submarine - Original Songs From The Film By Alex Turner,78,237.01,0.1795,0.2692,True
2018,0V34LU5aBA3hYgq178hFFY,Birds Dont Sing,TV Girl,French Exit,77,244.53,0.2208,0.013,True
2018,6sT8KTifge2F0lcdtyDkDa,The Next Time Around,Little Joy,Little Joy,75,133.8,0.32,0.0,True
2018,6NGvyhGjKSKkyN3yc4YNhD,Piledriver Waltz,Arctic Monkeys,Suck It and See,72,150.32,0.3194,0.0,True
2018,4VysGAsuHWHDxasPnTgwbo,The Ultracheese,Arctic Monkeys,Tranquility Base Hotel & Casino,71,171.41,0.2254,0.0563,True
2018,3nhzPKCm2yqGmgEhdAg19u,Four Out Of Five,Arctic Monkeys,Tranquility Base Hotel & Casino,70,220.07,0.3857,0.0571,True
2018,5FVd6KXrgO9B3JPmC8OPst,Do I Wanna Know?,Arctic Monkeys,AM,70,159.11,0.3429,0.1714,True
2018,3NmndGYOIYocA5OTHMVoaw,Golden Trunks,Arctic Monkeys,Tranquility Base Hotel & Casino,67,127.47,0.2985,0.0746,True
2018,577M06tqh2BwsT1qqZOBM1,Don't Sit Down 'Cause I've Moved Your Chair,Arctic Monkeys,Suck It and See,65,121.96,0.3846,0.0,True
2018,2s4ZQQsk9c4n13IAUfnIzm,The Hellcat Spangled Shalalala,Arctic Monkeys,Suck It and See,64,189.75,0.0938,0.0,True
2018,7eqoqGkKwgOaWNNHx90uEZ,Nights,Frank Ocean,Blonde,64,128.78,0.4844,0.0312,True
2018,7KmawNv6JUgZ54gSyVF6VQ,Let Her Go,Mac DeMarco,Salad Days,62,78.39,0.4839,0.0645,True
2018,4m3uMuu1gYYjZPtZvTOe6t,Orgasm of Death,The Growlers,Casual Acquaintances,61,207.59,0.1148,0.0,True
2018,57Xjny5yNzAcsxnusKmAfA,Reptilia,The Strokes,Room On Fire,61,162.62,0.2295,0.0328,True
2018,3Y4rUyw7XBCK6hGHCOt6rp,"Call It Fate, Call It Karma",The Strokes,Comedown Machine,59,148.21,0.2542,0.1525,True
2018,3s4OT5Si1n9TFSNEPjNs0s,Black Treacle,Arctic Monkeys,Suck It and See,59,139.41,0.322,0.0169,True
2018,7ykaUgkdQWJLsMuOymTV2A,If Not For You - Remastered 2014,George Harrison,All Things Must Pass,59,177.19,0.1695,0.0,True
2018,3UZfvX4ky5C4mblUIR0LE1,Suck It and See,Arctic Monkeys,Suck It and See,58,186.05,0.1207,0.0172,True
2018,0qdQUeKVyevrbKhAo0ibxS,My Sweet Lord - Remastered 2014,George Harrison,All Things Must Pass,57,161.21,0.2982,0.0351,True
2018,4z6mZWFgBZd07926K61Mi8,She Looks Like Fun,Arctic Monkeys,Tranquility Base Hotel & Casino,56,116.5,0.2857,0.0714,True
2018,7wsEZh68qX7jY0dziXMb0H,Love is a Laserquest,Arctic Monkeys,Suck It and See,56,130.65,0.2321,0.0179,True
2018,4BOHngI1gLDA5OZFTZVAHl,One Million Lovers,The Growlers,Hung At Heart,55,144.9,0.4,0.0909,True
2018,4WFcerMZkAIcIizZYXNNrb,Pink Ocean,The Voidz,Virtue,55,146.1,0.3091,0.0,True
2018,5jgFfDIR6FR0gvlA56Nakr,Blackbird - Remastered 2009,The Beatles,The Beatles,55,102.72,0.2182,0.0182,True
2018,7gsArdm7rk6X6wsMr2QKWS,From The Ritz To The Rubble,Arctic Monkeys,"Whatever People Say I Am, That's What I'm Not",55,149.34,0.2182,0.0727,True
2018,086myS9r57YsLbJpU0TgK9,Why'd You Only Call Me When You're High?,Arctic Monkeys,AM,54,65.74,0.5556,0.0185,True
2018,6xagjcywpcyNFghafZPQJv,Banana Clip,Miguel,War & Leisure,53,110.29,0.3585,0.0,True
2018,269xqcgGTN9PlivhUkOLhX,In My Feelings,Lana Del Rey,Lust For Life,52,118.14,0.2692,0.1538,True
2018,2lffRiAET2Xt6BNb4EmkS2,80's Comedown Machine,The Strokes,Comedown Machine,52,168.62,0.2308,0.0,True
2018,389QX9Q1eUOEZ19vtzzI9O,While My Guitar Gently Weeps - Remastered 2009,The Beatles,The Beatles,52,159.07,0.2885,0.0,True
2018,5qm8ISXOho1EvFj6e4f4bG,She's Thunderstorms,Arctic Monkeys,Suck It and See,52,160.36,0.1346,0.0,True
2018,7eX5SypK35V8Y9d9pS6rWy,I Can't Win,The Strokes,Room On Fire,52,98.25,0.2885,0.0192,True
2018,12WtkO5DLE2CWjRGeXtwEW,40 Day Dream,Edward Sharpe & The Magnetic Zeros,Up from Below,51,141.7,0.2157,0.0588,True
2018,37adYGaYaAWTGhBaOzX4Fh,Take A Slice,Glass Animals,How To Be A Human Being,51,113.11,0.2745,0.0196,True
2018,4RExr9x20tvTxcAtCVVUJh,Last Cabaret,The Growlers,Casual Acquaintances,51,124.81,0.1961,0.0,True
2018,6QgPBFvt3r9LeZDL5YsgJO,Pet Shop Eyes,The Growlers,Hung At Heart,51,103.12,0.3725,0.098,True
2018,3NeiYiBn3rQBgurfVk92Zm,Humility (feat. George Benson),Gorillaz,The Now Now,50,122.77,0.14,0.06,True
2018,78JmElAFmrPNhLjovDR9Jm,All Day and All of the Night,The Kinks,Kinks,49,84.79,0.2857,0.0612,True
2018,1zFbBrZmJr1Z49HYe84dBg,Harvey,Her's,Invitation to Her's,48,150.6,0.1042,0.0,True
2018,2VrOrpMi5tyjs6sRYd5bPK,Tiny Umbrella,Coast Modern,Coast Modern,48,96.71,0.3958,0.0833,True
2018,5KupfEBaVJwL7D2ZN0n1Q1,Trying Your Luck,The Strokes,Is This It,48,118.31,0.2083,0.0208,True
2018,17jEoYoOfRD6dvNCMmC9n4,City Club,The Growlers,City Club,47,87.4,0.3404,0.0,True
2018,6acDlNeA06MCVCzsTVGr9V,Cocoon,Milky Chance,Blossom,47,51.12,0.6809,0.0426,True
2018,2AT8iROs4FQueDv2c8q2KE,R U Mine?,Arctic Monkeys,AM,46,55.15,0.5217,0.1957,True
2018,2UVbBKQOdFAekPTRsnkzcf,Stir Fry,Migos,Culture II,46,50.67,0.4783,0.0435,True
2018,08l9WKDuRyGeStQ9ojTlFh,Meet Me in the Bathroom,The Strokes,Room On Fire,45,106.91,0.0889,0.0,True
2018,0MjAN5HhvpRiPmxGNrx5oc,Lysergic Bliss,of Montreal,Satanic Panic In The Attic,45,104.13,0.3333,0.0444,True
2018,7mwLlFNlWD4AOFoxPJTPwn,Speed Racer,Her's,Songs of Her's,45,50.63,0.5111,0.0667,True
2018,1spp1NXsz4rHcVaJhhndKa,Water,Ra Ra Riot,Need Your Light,44,77.0,0.5682,0.0455,True
2018,0ofHAoxe9vBkTCp2UQIavz,Dreams - 2004 Remaster,Fleetwood Mac,Rumours,43,133.06,0.1163,0.1395,True
2018,465hVdgg75kPgRdpJfEFFT,Seven,Rainbow Kitten Surprise,Seven + Mary,43,75.21,0.4651,0.0,True
2018,78Gzxi27GuNHTfkn2BylG4,What Ever Happened?,The Strokes,Room On Fire,42,87.06,0.2143,0.0,True
2018,7bfocP7GYoLOutUYpTI8tx,Welcome To Japan,The Strokes,Comedown Machine,42,122.61,0.1905,0.0476,True
2018,2WETO8PgRIdYLW4zz8xjnD,What You Were,The Drums,Portamento,41,77.69,0.3415,0.0,True
2018,5imMBAW7spQjapwJeZ0z3u,Underneath It All - Acoustic Live - German Radio,No Doubt,Rock Steady,41,122.34,0.1951,0.0732,True
2018,6DUKQUhWqUySYngLXLNwP2,Automatic Stop,The Strokes,Room On Fire,41,116.93,0.1463,0.0244,True
2018,01MO5Ib9mCG7srUhZl52BA,Going Gets Tough,The Growlers,Chinese Fountain,40,76.48,0.375,0.0,True
2018,0LtOwyZoSNZKJWHqjzADpW,Feels Like We Only Go Backwards,Tame Impala,Lonerism,40,70.08,0.4,0.125,True
2018,1FvDJ9KGxcqwv1utyPL3JZ,This Charming Man - 2011 Remaster,The Smiths,The Smiths,40,77.59,0.225,0.45,True
2018,2374M0fQpWi3dLnB54qaLX,Africa,TOTO,Toto IV,40,91.95,0.35,0.15,True
2018,2ZQ3CJY6iddn38oOoPGKfb,Night Ride,The Growlers,City Club,40,92.21,0.25,0.0,True
2018,2jZgzSxNSg1hTCq0ewWHGJ,Junk Of The Heart (Happy),The Kooks,Junk Of The Heart,40,60.07,0.425,0.05,True
2018,3SUusuA9jH1v6PVwtYMbdv,Last Nite,The Strokes,Is This It,40,92.34,0.275,0.0,True
2018,61JDaStnXY3vbaEjliB5WA,Ghost Ship,Blur,The Magic Whip,40,162.38,0.2,0.275,True
2018,7HKez549fwJQDzx3zLjHKC,Start Me Up - Remastered 2009,The Rolling Stones,Tattoo You,40,70.45,0.425,0.025,True
2018,0WQiDwKJclirSYG9v5tayI,There Is a Light That Never Goes Out - 2011 Remaster,The Smiths,The Queen Is Dead,39,131.6,0.1795,0.4103,True
2018,3dJCbcLcqMKJVZ9Vd390K3,Far Away Truths,Albert Hammond Jr,Francis Trouble,39,126.48,0.1026,0.0256,True
2018,3kKb3U3a8jmUJQB9ypE1Jl,Under Control,The Strokes,Room On Fire,39,94.51,0.2051,0.0769,True
2018,53I7CviVHhNYEKth717RLG,Coins,Local Natives,Sunlit Youth,39,134.87,0.1026,0.0,True
2018,5QqyRUZeBE04yJxsD1OC0I,Summer Bummer (feat. A$AP Rocky & Playboi Carti),Lana Del Rey,Lust For Life,39,110.29,0.1795,0.2308,True
2018,01T0Kq5YOIRF9BQRXJsyfe,Portuguese Knife Fight,Cage The Elephant,Tell Me I'm Pretty,38,77.36,0.1842,0.0526,True
2018,0jBE7Fn78EAvmIs3dCd6GO,Is This It,The Strokes,Is This It,38,50.1,0.4737,0.0263,True
2018,1F9WFVKQ0PT4EiZNoZQu2d,Sensitivity,Worn-Tin,Thanatophobia,38,79.44,0.3947,0.0526,True
2018,21Ay8Y9Pr91nSauPGtK6MW,Barely Legal,The Strokes,Is This It,38,106.37,0.2368,0.0526,True
2018,2GiJYvgVaD2HtM8GqD9EgQ,Electric Love,BØRNS,Dopamine,38,74.66,0.2895,0.1053,True
2019,7IUBw7EUgcjzGV6zv9fkLX,Secret Door,Arctic Monkeys,Humbug,143,286.68,0.4266,0.007,True
2019,1Xtz05nIgJiEYdncfd1w8h,Soledad y el Mar (feat. Los Macorinos),Natalia Lafourcade,"Musas (Un Homenaje al Folclore Latinoamericano en Manos de Los Macorinos, Vol. 1)",141,251.99,0.4752,0.1773,True
2019,2CbtdkBeW9Znt4vXTOafAl,A Certain Romance,Arctic Monkeys,"Whatever People Say I Am, That's What I'm Not",134,482.37,0.306,0.0522,True
2019,0hNhlwnzMLzZSlKGDCuHOo,Space Song,Beach House,Depression Cherry,124,404.68,0.2903,0.0,True
2019,7seSDB6TiLZarbicyDIjiQ,Batphone,Arctic Monkeys,Tranquility Base Hotel & Casino,115,388.64,0.1304,0.0522,True
2019,7Eso5mURNFprb5PmhOXDlf,La Plata (feat. Lalo Ebratt),Juanes,La Plata,102,263.36,0.1569,0.0,True
2019,6voR6zsWIn7vgZYGOFKYSZ,Can't Believe The Way We Flow,James Blake,Assume Form,99,302.36,0.2424,0.0202,True
2019,37y7iDayfwm3WXn5BiAoRk,Dark Red,Steve Lacy,Dark Red,97,160.59,0.433,0.0103,True
2019,4VysGAsuHWHDxasPnTgwbo,The Ultracheese,Arctic Monkeys,Tranquility Base Hotel & Casino,93,202.77,0.2796,0.0108,True
2019,4vDQMtAXkPwRxEqM8oXtMQ,Omaha,Toro y Moi,Omaha,91,222.43,0.2198,0.0,True
2019,5Nhsz5O0DIS5Mh5E3tlBbp,Blood Under My Belt,The Drums,Abysmal Thoughts,91,238.54,0.2637,0.0,True
2019,1WbLKgeGt4Ilo74WTByV6r,Maud Gone,Car Seat Headrest,Teens of Style,90,322.91,0.3556,0.0556,True
2019,0FgNSsaSZTvbLXUumSO8LQ,Star Treatment,Arctic Monkeys,Tranquility Base Hotel & Casino,85,344.96,0.2353,0.0471,True
2019,76GlO5H5RT6g7y0gev86Nk,Just like Heaven,The Cure,"Kiss Me, Kiss Me, Kiss Me",85,127.99,0.5294,0.1882,True
2019,0cs671lxX2eoDzr2KMuo3N,Here Comes Your Man,Pixies,Doolittle,84,112.64,0.5595,0.0,True
2019,7wBJfHzpfI3032CSD7CE2m,STARGAZING,Travis Scott,ASTROWORLD,84,139.08,0.4167,0.4286,True
2019,62oCnK99vT8HOgwPsvXuiM,Chateau,Angus & Julia Stone,Snow,81,137.78,0.5556,0.284,True
2019,4cQrSREMqBSvJ8ZzBZjVb8,Mile High (feat. Travis Scott & Metro Boomin),James Blake,Assume Form,80,183.31,0.2125,0.025,True
2019,5KWV7S3osWbeOMPHCeWVyK,Bambi,Jidenna,The Chief,71,178.71,0.3803,0.0141,True
2019,02tvc9CFnTyHuSRlGeNv9w,Corduroy Dreams,Rex Orange County,Bcos U Will Never B Free,68,168.05,0.2206,0.0294,True
2019,242UAWExQDujCkiQtLQvcu,Don’t You Know,Durand Jones & The Indications,American Love Call,67,139.29,0.2985,0.0299,True
2019,0gmGBCJ5XhOmoNR37MmxEE,So What'Cha Want - Remastered 2009,Beastie Boys,Check Your Head,65,192.25,0.1385,0.0154,True
2019,0prVUHQu2xr6pI5iEbKtxo,Beautiful Strangers,Kevin Morby,Beautiful Strangers b/w No Place to Fall,65,264.12,0.2615,0.0308,True
2019,2xKfXRhw5xaUXfevJJspZf,Why Do Fools Fall in Love,Frankie Lymon,The Best Of Frankie Lymon & The Teenagers,63,168.9,0.0635,0.0,True
2019,4WKdgb3xzbTSU7WT3kK3na,I Don't Owe You Anything - 2011 Remaster,The Smiths,The Smiths,63,115.12,0.4444,0.0635,True
2019,4tggZyGJMNJMooWuRbvN5q,Harness Your Hopes - (B-side),Pavement,Brighten the Corners: Nicene Creedence Ed.,63,93.96,0.5397,0.0159,True
2019,5Bp3OmGILMam5w6KnafdKY,Young Love (feat. Laura Marling),Mystery Jets,Twenty One,63,128.91,0.3651,0.0,True
2019,6JyEh4kl9DLwmSAoNDRn5b,4th Dimension,KIDS SEE GHOSTS,KIDS SEE GHOSTS,63,86.33,0.3651,0.2698,True
2019,75ZvA4QfFiZvzhj2xkaWAh,I Fall Apart,Post Malone,Stoney - Deluxe,61,76.24,0.541,0.2951,True
2019,17XvbAd3K1GOjWy5uQvK2U,Baby,Devendra Banhart,What Will We Be,60,75.78,0.55,0.0,True
2019,1WypLBcOgtNO0meaWKBkVQ,The Boy,Shannon & The Clams,Onion,60,82.33,0.5333,0.0333,True
2019,5T4j3Uv33fQO7tsR2lMl4y,Charlie Don't Surf - Remastered,The Clash,Sandinista! (Remastered),60,131.0,0.4667,0.0,True
2019,41zXlQxzTi6cGAjpOXyLYH,idontwannabeyouanymore,Billie Eilish,dont smile at me,59,117.14,0.339,0.0,True
2019,1JdArJ9NKCF9TQASGQgszg,The World's First Ever Monster Truck Front Flip,Arctic Monkeys,Tranquility Base Hotel & Casino,58,118.15,0.2931,0.0172,True
2019,2d3QlXE6FXFDeodiS66yjM,Weekend Friend,Goth Babe,Weekend Friend,58,132.69,0.3966,0.0,True
2019,0NA5xAtDra50d0Lfs2uvoh,Borrowed Love (feat. Swae Lee & WizKid),Metro Boomin,NOT ALL HEROES WEAR CAPES,57,63.69,0.6491,0.4035,True
2019,27a1mYSG5tYg7dmEjWBcmL,CAN'T SAY,Travis Scott,ASTROWORLD,57,79.16,0.4211,0.3333,True
2019,2dEVAvwPAJrWFErXxREGVX,Eres Tú,Carla Morrison,Déjenme Llorar,57,149.75,0.3158,0.0175,True
2019,3DamFFqW32WihKkTVlwTYQ,Fireflies,Owl City,Ocean Eyes,56,104.71,0.4464,0.0,True
2019,56X1fzloIoGKKOgpLLIGoe,Old English,Young Thug,Old English,56,108.98,0.3214,0.3214,True
2019,00HIh9mVUQQAycsQiciWsh,Limestone,Magic City Hippies,Hippie Castle EP,55,119.41,0.2909,0.0545,True
2019,0sSdFMuYrn3N9moumV466B,He Can Only Hold Her,Amy Winehouse,Back To Black,55,106.08,0.1818,0.0,True
2019,2AKwcNHeGAqCpD6etK425X,One Point Perspective,Arctic Monkeys,Tranquility Base Hotel & Casino,55,128.93,0.3091,0.0182,True
2019,0z9dPcBhJvqO06QMaKelUE,Drunk on Halloween,Wallows,Drunk on Halloween,54,113.16,0.4444,0.0,True
2019,4alHo6RGd0D3OUbTPExTHN,Just What I Needed,The Cars,The Cars,54,99.46,0.4259,0.0,True
2019,4wSWZjWH7a5eVxskGxO13w,The View From The Afternoon,Arctic Monkeys,"Whatever People Say I Am, That's What I'm Not",54,124.42,0.3889,0.0,True
2019,7to68V64Cu6zk0UDo5tyw3,Confidence,Ocean Alley,Chiaroscuro,54,86.0,0.5556,0.0,True
2019,0LtOwyZoSNZKJWHqjzADpW,Feels Like We Only Go Backwards,Tame Impala,Lonerism,53,74.74,0.4717,0.1321,True
2019,0YRi3Gq2kkqfuaZ2L4rynD,Sleep Talk,Shannon & The Clams,Sleep Talk,53,78.95,0.3774,0.0,True
2019,1NjmSXMzvwoM3lHmDRcUfs,Powa,Tune-Yards,W H O K I L L,53,213.64,0.1887,0.0377,True
2019,6u0ccx1pJICbSwCPMFCd1b,Avalon,Foxygen,Hang,53,97.76,0.4717,0.0,True
2019,1FvDJ9KGxcqwv1utyPL3JZ,This Charming Man - 2011 Remaster,The Smiths,The Smiths,52,57.97,0.5385,0.0,True
2019,61JDaStnXY3vbaEjliB5WA,Ghost Ship,Blur,The Magic Whip,52,106.02,0.5,0.0385,True
2019,6bGwKHXHNLmTy6yt147FPh,If You Know You Know,Pusha T,DAYTONA,52,75.78,0.4231,0.3654,True
2019,29EkMZmUNz1WsuzaMtVo1i,I Bet You Look Good On The Dancefloor,Arctic Monkeys,"Whatever People Say I Am, That's What I'm Not",51,98.42,0.3529,0.098,True
2019,7iMDaY1LnASwCk2uUpMtii,High (feat. Elton John),Young Thug,On the Run,51,60.93,0.549,0.4706,True
2019,0H8XeaJunhvpBdBFIYi6Sh,Deja Vu,Post Malone,Stoney - Deluxe,50,143.63,0.22,0.04,True
2019,1n8wr8tRHs5jmBxNWXedcn,"Bands (feat. OhGeesy, Fenix Flexin & Master Kato)",Shoreline Mafia,Shoreline Mafia Presents Rob Vicious: Traplantic,50,46.5,0.54,0.34,True
2019,6EvUAsfncetT0RcWshHCbl,I'll Come Too,James Blake,Assume Form,50,181.89,0.1,0.18,True
2019,6MWtB6iiXyIwun0YzU6DFP,Wow.,Post Malone,Wow.,50,63.99,0.48,0.36,True
2019,3nhzPKCm2yqGmgEhdAg19u,Four Out Of Five,Arctic Monkeys,Tranquility Base Hotel & Casino,49,145.81,0.3878,0.0204,True
2019,57oJKJys4oC7NTR7hwZkPU,Science Fiction,Arctic Monkeys,Tranquility Base Hotel & Casino,49,82.44,0.4082,0.0204,True
2019,6OwwTVRndoy9aoDxsmrteR,Australia,The Shins,Wincing The Night Away,49,109.67,0.3265,0.0408,True
2019,6l6LgnyNHL3U6UgSx5Aiph,Lets Go Surfing,The Drums,The Drums,49,92.58,0.2857,0.0,True
2019,7CqleiaEqHVazV19P532X9,Life During Wartime - 2005 Remaster,Talking Heads,Fear of Music,49,86.58,0.449,0.0,True
2019,1H4idkmruFoJBg1DvUv2tY,Band On The Run - 2010 Remaster,Paul McCartney,Band On The Run,48,139.95,0.3542,0.0833,True
2019,2Dmw4LdpDKYFjKZ7hj1XAh,Darlin',Houndmouth,Little Neon Limelight,48,136.12,0.3333,0.0,True
2019,2DFRFqWNahKtFD112H2iEZ,Do You Realize??,The Flaming Lips,Yoshimi Battles the Pink Robots,47,54.17,0.6809,0.0,True
2019,6YDf6QV7QfCEo8O2dbWalK,Real Love Baby,Father John Misty,Real Love Baby,47,105.14,0.2553,0.0,True
2019,6sT8KTifge2F0lcdtyDkDa,The Next Time Around,Little Joy,Little Joy,47,76.12,0.3617,0.0638,True
2019,2xcRTNxhhCL5HbCp4UGkjh,Brother,Mac DeMarco,Salad Days,46,69.23,0.5,0.0652,True
2019,4PpuZIMmeng6qPicveSI22,Beso,Jósean Log,Háblate de Mí,45,55.84,0.6444,0.0,True
2019,56KqaFSGTb7ifpt16t5Y1N,Rock the Casbah - Remastered,The Clash,Combat Rock (Remastered),45,75.92,0.4444,0.0889,True
2019,7KmawNv6JUgZ54gSyVF6VQ,Let Her Go,Mac DeMarco,Salad Days,45,78.4,0.4,0.0889,True
2019,0CyRloqqjpeKEAd3cO6J6z,We're Not Just Friends,"Parks, Squares and Alleys",We're Not Just Friends,44,31.5,0.7727,0.3636,True
2019,0mQiDbYxHElUp1eNpLZXaY,American Sports,Arctic Monkeys,Tranquility Base Hotel & Casino,44,81.8,0.2955,0.0227,True
2019,3geFzA6VBSNZUTmV3bCry6,Mardy Bum,Arctic Monkeys,"Whatever People Say I Am, That's What I'm Not",44,68.84,0.4091,0.0909,True
2019,7co8zvT6HJuyT81IDukyID,Tranquility Base Hotel & Casino,Arctic Monkeys,Tranquility Base Hotel & Casino,44,103.68,0.3182,0.0227,True
2019,02KpkaZbiutsR0ucxce4Sh,This Will Be Our Year,The Zombies,Odessey and Oracle,43,55.98,0.3721,0.2326,True
2019,3Y4rUyw7XBCK6hGHCOt6rp,"Call It Fate, Call It Karma",The Strokes,Comedown Machine,43,61.68,0.5349,0.0233,True
2019,5Z5YEyR5i8V8Ui2e5jGAAm,Veni Vidi Vici,Black Lips,Good Bad Not Evil,43,52.03,0.4884,0.0,True
2019,6113aOfHIC0vbZVDZ6PpRV,Days,The Drums,Portamento,43,82.23,0.4651,0.0233,True
2019,6dGnYIeXmHdcikdzNNDMm2,Here Comes The Sun - Remastered 2009,The Beatles,Abbey Road,43,59.24,0.4651,0.0233,True
2019,72wEtgEkcLQ5x4F4ktiVSH,Pa' Mayté,Carlos Vives,La Tierra del Olvido,42,62.33,0.5238,0.0,True
2019,0F0imGVd7KnvQPkBmVtPo9,Leave Me Alone - 2015 Remaster,New Order,Power Corruption and Lies,41,71.13,0.6098,0.0,True
2019,0hQkqM37pYkOuWDDoxk3Ce,Vincent,James Blake,Vincent,41,131.05,0.3415,0.0976,True
2019,0yhxBvedRdGxsPZHJNI4VA,I Thought About Killing You,Kanye West,ye,41,85.98,0.2195,0.0732,True
2019,1qsHYUd2c1wFGcn7e63QmG,Yikes,Kanye West,ye,41,107.19,0.1707,0.0,True
2019,2EbL9RN1CpNav0UzTQVRdm,Brighter!,Cass McCombs,Big Wheel and Others,41,92.54,0.3415,0.0244,True
2019,2JtL0a3NHcGkFQ7kfDLKUT,Swing Lo Magellan,Dirty Projectors,Swing Lo Magellan,41,48.35,0.5122,0.0488,True
2019,3yEtuhGR8jOtusa29jWrhG,Tu Amor Me Hace Bien - Salsa Version,Marc Anthony,Valio La Pena,41,85.33,0.5366,0.0244,True
2019,4cMHCRLPNoEbpnl2rz6GS9,Back on the Chain Gang - 2007 Remaster,Pretenders,Learning to Crawl,41,75.85,0.3902,0.0,True
2019,70tBw295bLL8B13Jg3SNUs,Charley's Girl,Lou Reed,Coney Island Baby,41,41.45,0.6098,0.0244,True
2019,3NmndGYOIYocA5OTHMVoaw,Golden Trunks,Arctic Monkeys,Tranquility Base Hotel & Casino,40,78.94,0.3,0.025,True
2019,4KGyQfes7t5BiaoBvs380e,Fake Tales Of San Francisco,Arctic Monkeys,"Whatever People Say I Am, That's What I'm Not",40,69.33,0.35,0.075,True
2019,5RcuACCOhgoc4ZH57AVCLA,Feel Like A Fool,Kali Uchis,Isolation,40,68.87,0.375,0.0,True
2019,5uplevkaUGRLExATEbSQiR,Someday,The Growlers,Hung At Heart,40,101.95,0.325,0.075,True
2019,6gdCb962lq0Xdg7ypVLuLt,Harvest Moon - Recorded at Spotify Studios NYC,Lord Huron,Spotify Singles,40,143.91,0.275,0.0,True
2019,0V34LU5aBA3hYgq178hFFY,Birds Dont Sing,TV Girl,French Exit,39,48.15,0.5385,0.0,True
2019,1tzPSule9WZ9B8SujHv8fp,This Head I Hold,Electric Guest,Mondo,39,45.68,0.5385,0.2564,True
2020,4xvpttkjjEH0l2hrizYla7,Perdido de Amor [Lost in Love],Luiz Bonfá,Solo in Rio 1959,145,317.66,0.331,0.0138,True
2020,1Xtz05nIgJiEYdncfd1w8h,Soledad y el Mar (feat. Los Macorinos),Natalia Lafourcade,"Musas (Un Homenaje al Folclore Latinoamericano en Manos de Los Macorinos, Vol. 1)",130,319.99,0.2923,0.2769,True
2020,48ucaKjccruxDbi3Au5ZaH,The Bad Thing,Arctic Monkeys,Favourite Worst Nightmare,118,37.79,0.8559,0.0085,True
2020,4PGWramunj3Bsz5UXCu4ex,Anyways,Arctic Monkeys,Tranquility Base Hotel & Casino,109,223.4,0.4037,0.0,True
2020,6gGSSrKMiV2yec1DrqGhhy,Always Where I Need To Be,The Kooks,Konk,100,125.08,0.5,0.01,True
2020,5TTGoX70AFrTvuEtqHK37S,No. 1 Party Anthem,Arctic Monkeys,AM,94,201.1,0.3723,0.0319,True
2020,26XfDH9AoT6dVpmKVJHBMf,Wavy Gravy,Okey Dokey,"Love You, Mean It",92,266.41,0.3043,0.0978,True
2020,4bKpnMKt2vBOQ1wZHGEJJO,No Buses,Arctic Monkeys,Who The F*** Are Arctic Monkeys?,92,113.58,0.5435,0.0217,True
2020,7nzsY8vlnKdvGOEE0rjAXZ,Arabella,Arctic Monkeys,AM,92,168.34,0.413,0.0326,True
2020,4iURgDfsolmCJtknzWuyxj,These Girls,Sticky Fingers,Caress Your Soul,90,185.79,0.3,0.0111,True
2020,3buvRn4CDX86EO9LHTITGn,Heartbreaker - Remaster,Led Zeppelin,Led Zeppelin II,87,184.96,0.4023,0.0115,True
2020,6EvUAsfncetT0RcWshHCbl,I'll Come Too,James Blake,Assume Form,86,272.9,0.1279,0.1395,True
2020,5FVd6KXrgO9B3JPmC8OPst,Do I Wanna Know?,Arctic Monkeys,AM,82,167.87,0.4512,0.0366,True
2020,28J7s6ylqLYzBUTBSUyEjm,Still Take You Home,Arctic Monkeys,"Whatever People Say I Am, That's What I'm Not",81,179.66,0.3704,0.0123,True
2020,2dEVAvwPAJrWFErXxREGVX,Eres Tú,Carla Morrison,Déjenme Llorar,80,172.07,0.35,0.0125,True
2020,1NGodWzGlxxkOrgqHO6g3K,The Eternal Tao,The Voidz,The Eternal Tao,78,178.86,0.3333,0.0128,True
2020,71D4LseR0RADPbyvMeTIHR,Can't Stand Me Now,The Libertines,The Libertines,77,127.03,0.4545,0.039,True
2020,63SevszngYpZOwf63o61K4,Nevermind,Dennis Lloyd,Nevermind,76,72.54,0.5921,0.0132,True
2020,6hFHsQWB7HdVrSe7efRR82,Como te extraño mi amor,Café Tacvba,Avalancha de éxitos,74,147.19,0.4189,0.0676,True
2020,1U5dJjrL6yq7IH6keAyWOe,What I'm Becoming,Cage The Elephant,Social Cues,72,208.49,0.2361,0.0417,True
2020,1S9VJIS4unNB2D6SEf4BbD,Do You Love Me Still?,The Kooks,Inside In / Inside Out,71,101.04,0.4648,0.0,True
2020,31u6rUeIEXGrYVoh10U7eu,Leave It In My Dreams,The Voidz,Virtue,71,179.73,0.4225,0.0563,True
2020,73M2Vb5MfZh8iGKudkMtlw,Always Like This,Bombay Bicycle Club,I Had The Blues But I Shook Them Loose,69,146.35,0.4638,0.0145,True
2020,01RbsjW5FmljeVje00TjT1,Momo's,Connan Mockasin,Jassbusters,68,166.65,0.2647,0.2206,True
2020,5OuJTtNve7FxUX82eEBupN,Tommy's Party,Peach Pit,Being So Normal,66,121.96,0.6515,0.0152,True
2020,1W0OCrMsRP1SLTEdw3JwEz,"Sweet Dreams, TN",The Last Shadow Puppets,Everything You've Come To Expect,65,131.68,0.4,0.0,True
2020,4cQrSREMqBSvJ8ZzBZjVb8,Mile High (feat. Travis Scott & Metro Boomin),James Blake,Assume Form,65,147.79,0.2462,0.0154,True
2020,1Jte640nBiOWyuD7N0odNZ,In Transit,Albert Hammond Jr,Yours to Keep,64,103.19,0.4688,0.0469,True
2020,7e8utCy2JlSB8dRHKi49xM,Fluorescent Adolescent,Arctic Monkeys,Favourite Worst Nightmare,64,121.89,0.4219,0.0469,True
2020,0XnhQGfqfi5CnZXcONJuI5,Good Lovin' - Single Version,The Young Rascals,The Young Rascals,62,86.95,0.4355,0.0323,True
2020,2d9Xw1OiRL8ca2K4A03aD3,Little Queenie,SadGirl,Vol. Three: The Hand That Did the Deed,62,128.85,0.2097,0.0484,True
2020,0639sfoRA7sW4fGS1EzcQu,Loco (Tu Forma de Ser) [Ft. Rubén Albarrán] - MTV Unplugged,Los Auténticos Decadentes,Fiesta Nacional (Mtv Unplugged),61,134.22,0.4754,0.0164,True
2020,0FgNSsaSZTvbLXUumSO8LQ,Star Treatment,Arctic Monkeys,Tranquility Base Hotel & Casino,61,182.13,0.3934,0.2131,True
2020,3BcQFPRZuuUClWStz29WjN,Old Yellow Bricks,Arctic Monkeys,Favourite Worst Nightmare,61,53.93,0.6557,0.0164,True
2020,5jJPcImQkogKdwsVS36zH7,Marilyn,Mount Kimbie,Love What Survives,61,86.58,0.5902,0.0164,True
2020,6zWU7YALeEDMcPGhKKZJhV,Navajo,Masego,Navajo,61,112.26,0.2951,0.0656,True
2020,0TeHvhaNBSuv7yGQ9dLouv,Half Full Glass Of Wine,Tame Impala,Tame Impala,60,150.21,0.2833,0.1,True
2020,4SNtyKNyYJ8ERT7YLlnFBr,So Young,Portugal. The Man,Woodstock,60,101.06,0.4333,0.1,True
2020,5GxqKrG0zeKA8uYJMjXwj9,Rock the House,Gorillaz,Gorillaz,60,133.36,0.3833,0.0167,True
2020,086myS9r57YsLbJpU0TgK9,Why'd You Only Call Me When You're High?,Arctic Monkeys,AM,56,82.46,0.3571,0.0714,True
2020,5GiygyFRSZ2jey4almSmrL,Shabop Shalom,Devendra Banhart,Smokey Rolls Down Thunder Canyon,56,101.53,0.5536,0.0357,True
2020,5H6Jp0syB5yEPk7SWYdlmk,The Wind Cries Mary,Jimi Hendrix,Are You Experienced,56,92.97,0.4107,0.0714,True
2020,07ahbydCmD0CLoN2zIx8bR,"I'm The Man, That Will Find You",Connan Mockasin,Caramel,55,113.91,0.5091,0.0364,True
2020,0fDFzVTG8c2fW9EM5f1RHM,Indian Food,Dumbo Gets Mad,Quantum Leap,55,106.03,0.3818,0.0182,True
2020,61JDaStnXY3vbaEjliB5WA,Ghost Ship,Blur,The Magic Whip,55,108.91,0.4545,0.0364,True
2020,0qp8MuZNKelOGTK2HPlXBA,Kids Turned Out Fine,A$AP Rocky,TESTING,54,94.58,0.3333,0.0185,True
2020,44i6jEICONcpRzd3Tyejlp,Feel Me - Single Version,Aeris Roves,Feel Me,54,101.81,0.3519,0.0556,True
2020,4iwpCp7qdDLngGI3gsVTza,Miracle Aligner,The Last Shadow Puppets,Everything You've Come To Expect,54,86.21,0.5926,0.037,True
2020,6TIOhfnPBw0k5s3KHN3VHO,A Different Age,Current Joys,A Different Age,54,178.48,0.3148,0.0,True
2020,2QUlMbvD9bL8wHqfsoqoet,Stop The World I Wanna Get Off With You,Arctic Monkeys,Why'd You Only Call Me When You're High?,53,68.03,0.4717,0.0189,True
2020,2AT8iROs4FQueDv2c8q2KE,R U Mine?,Arctic Monkeys,AM,52,65.69,0.5192,0.0192,True
2020,4VysGAsuHWHDxasPnTgwbo,The Ultracheese,Arctic Monkeys,Tranquility Base Hotel & Casino,52,79.93,0.5192,0.3269,True
2020,58ge6dfP91o9oXMzq3XkIS,505,Arctic Monkeys,Favourite Worst Nightmare,52,113.08,0.4231,0.0192,True
2020,6wNUBZNWFxdUGof6vkaykE,One For The Road,Arctic Monkeys,AM,52,100.01,0.3462,0.0577,True
2020,55DyBUkjebkcYhDGfEXitR,Cariño,The Marías,Cariño,51,102.42,0.4314,0.0392,True
2020,5XeFesFbtLpXzIVDNQP22n,I Wanna Be Yours,Arctic Monkeys,AM,50,100.89,0.4,0.04,True
2020,5gRcv46AMTrosmTOqrOV3Q,Dumb,Nirvana,In Utero,50,55.61,0.52,0.02,True
2020,1j9rezdE3YeC7yktZXC1em,I Want It All,Arctic Monkeys,AM,49,49.97,0.551,0.0408,True
2020,11zf7m4vw9Ze7cer9Nyhk1,Pleaser,Wallows,Pleaser,48,61.44,0.5417,0.1042,True
2020,11DdPGqDsM3ux1gVAqUIln,Balaclava,Arctic Monkeys,Favourite Worst Nightmare,47,77.69,0.3404,0.0,True
2020,4gZDCOFuLCxCRWNhSEcOtJ,These Days,Wallows,Spring EP,47,88.94,0.3617,0.0,True
2020,61OkcfgMfjlJQ7MJPU0HLz,Dance Little Liar,Arctic Monkeys,Humbug,47,154.05,0.1702,0.1064,True
2020,6YWtvUPKgCYSiPDBuAjj0Q,Crust Bucket,The Frights,The Frights,47,111.45,0.4043,0.0,True
2020,6kcHg7XL6SKyPNd78daRBL,Sweet Talk,Saint Motel,saintmotelevision,47,84.95,0.3617,0.0213,True
2020,73mlvsfJM2qwlDUJxeaatI,Daft Punk Is Playing at My House,LCD Soundsystem,LCD Soundsystem,47,74.33,0.5745,0.0213,True
2020,6giLMzQSzjxQ7T2kmRhlVb,Piel Canela,Mi Sobrino Memo,Piel Canela,46,65.25,0.5435,0.0,True
2020,6m6R6O2BOZDCNymhJ45spI,Loner,Kali Uchis,Por Vida,46,29.77,0.7826,0.0,True
2020,0MHXrqn909p0LRTPsNsGEi,Move on Up - Single Edit,Curtis Mayfield,Move on Up,45,45.51,0.6222,0.0222,True
2020,0oakHTPj4SF7Si0NAsLwi8,Las flores,Café Tacvba,Re,45,101.77,0.1556,0.3556,True
2020,0tZ3mElWcr74OOhKEiNz1x,Bulls On Parade,Rage Against The Machine,Evil Empire,45,92.47,0.3556,0.0,True
2020,2os0aK782bakCPmjow0SU0,Drunk Drivers/Killer Whales,Car Seat Headrest,Teens of Denial,45,101.03,0.5778,0.0889,True
2020,3DPFmwFtV5ElQaTniLOdgk,Hunnybee,Unknown Mortal Orchestra,Sex & Food,45,86.35,0.4889,0.0222,True
2020,4hSfY4G2SIUlwGViX1ve6J,The Art School Kids,Slow Hollows,Atelophobia,45,50.03,0.5333,0.0,True
2020,5Bp3OmGILMam5w6KnafdKY,Young Love (feat. Laura Marling),Mystery Jets,Twenty One,45,40.54,0.6444,0.0,True
2020,6OpU3cvY19M2hFxTbLKy5L,Juno,Choker,Honeybloom,45,79.03,0.5111,0.0667,True
2020,1GC1MIaRMW3kfVK9VyD5Ii,Tous les mêmes,Stromae,Racine Carrée - Standard US Version,44,47.31,0.6591,0.0455,True
2020,3jZ0GKAZiDMya0dZPrw8zq,Desire Lines,Deerhunter,Halcyon Digest,44,81.48,0.6818,0.0227,True
2020,3onYsieuDICdVt5ULZSExF,Barefoot In The Park (feat. ROSALÍA),James Blake,Assume Form,44,95.46,0.3636,0.0682,True
2020,2LGdO5MtFdyphi2EihANZG,Knee Socks,Arctic Monkeys,AM,43,77.62,0.5116,0.093,True
2020,2wF5p2dfUbEiqAnCRVNwmK,Tenderness,Parquet Courts,Wide Awake!,43,55.22,0.5814,0.0465,True
2020,7gsArdm7rk6X6wsMr2QKWS,From The Ritz To The Rubble,Arctic Monkeys,"Whatever People Say I Am, That's What I'm Not",43,48.22,0.4186,0.0465,True
2020,0NdTUS4UiNYCNn5FgVqKQY,Snap Out Of It,Arctic Monkeys,AM,42,64.01,0.4524,0.0714,True
2020,0cgWTzGYVUWELohSykTxrb,Moi c'est,Camélia Jordana,Camelia Jordana,42,24.36,0.7619,0.0476,True
2020,2PuUFT13yCzUOZun94WOXv,Suite: Judy Blue Eyes - 2005 Remaster,"Crosby, Stills & Nash","Crosby, Stills & Nash",42,82.29,0.6905,0.0238,True
2020,3nhzPKCm2yqGmgEhdAg19u,Four Out Of Five,Arctic Monkeys,Tranquility Base Hotel & Casino,42,80.54,0.5238,0.2381,True
2020,0x47zt71IYykbt1ET933pJ,Hiding tonight,Alex Turner,Submarine - Original Songs From The Film By Alex Turner,41,87.37,0.3902,0.1707,True
2020,2AKwcNHeGAqCpD6etK425X,One Point Perspective,Arctic Monkeys,Tranquility Base Hotel & Casino,41,68.37,0.5122,0.2683,True
2020,2M7enaZSs1DRRjZscA4LAj,Reminiscing,The Buttertones,Buttertones,41,82.46,0.3415,0.0488,True
2020,3bBmpVl9rQKJsFFGLFilIS,Charcoal Baby,Blood Orange,Negro Swan,41,78.33,0.4634,0.0732,True
2020,6B182GP3TvEfmgUoIMVUSJ,Evil,Interpol,Antics,41,89.5,0.2927,0.0244,True
2020,22UDw8rSfLbUsaAGTXQ4Z8,American Boy,Estelle,Shine,40,78.04,0.45,0.025,True
2020,2EEinN4Zk8MUv4OQuLsTBj,Age of Consent - 2015 Remaster,New Order,Power Corruption and Lies,40,151.23,0.225,0.025,True
2020,5xRlNALFbZ7gaWGlySwfTM,Break up Together,Theo Katzman,Heartbreak Hits,40,57.79,0.575,0.0,True
2020,6PuoZT4kgw5DrUEdnQ6e01,This Must Be The Place,Sure Sure,Sure Sure,40,63.98,0.5,0.075,True
2020,7co8zvT6HJuyT81IDukyID,Tranquility Base Hotel & Casino,Arctic Monkeys,Tranquility Base Hotel & Casino,40,47.58,0.6,0.225,True
2020,150eNdHgoV9hYBUjsQXSVM,Love Buzz - Remastered,Nirvana,Bleach: Deluxe Edition,39,37.9,0.5641,0.0,True
2020,2d3QlXE6FXFDeodiS66yjM,Weekend Friend,Goth Babe,Weekend Friend,39,60.14,0.4872,0.0256,True
2020,3EK4tGkSiO5xvvB5sM4tln,Amárrame,Mon Laferte,La Trenza,39,66.97,0.4103,0.0,True
2020,3SUusuA9jH1v6PVwtYMbdv,Last Nite,The Strokes,Is This It,39,58.35,0.4615,0.0513,True
2020,3Y4rUyw7XBCK6hGHCOt6rp,"Call It Fate, Call It Karma",The Strokes,Comedown Machine,39,61.5,0.5128,0.0769,True
2021,03v70ZBxmcPX3RWAZMzqaW,Clouds,BØRNS,Dopamine,234,628.2,0.1325,0.0,True
2021,1LzNfuep1bnAUR9skqdHCK,Fade Into You,Mazzy Star,So Tonight That I Might See,119,443.22,0.1765,0.0,True
2021,1Dr5JexwA15wmKe7Y7maA9,Past Lives,BØRNS,Dopamine,117,336.02,0.3248,0.0085,True
2021,2H30WL3exSctlDC9GyRbD4,Live Well,Palace,So Long Forever,116,277.09,0.4569,0.0517,True
2021,6WVheb5G29cbDOzF4qMfli,Road Head,Japanese Breakfast,Soft Sounds from Another Planet,101,217.92,0.2871,0.0,True
2021,0CZ8lquoTX2Dkg7Ak2inwA,1950,King Princess,1950,91,211.09,0.3516,0.0989,True
2021,4XCpDE4pLTkkQ0kudqBLdS,Psylla,Glass Animals,Glass Animals,85,225.11,0.2471,0.0,True
2021,28kOpVf1aCgL0LSFfuKV4w,Oom Sha La La,Haley Heynderickx,I Need to Start a Garden,83,136.76,0.3976,0.0,True
2021,5uZLsGY9fknBd5Rxr7AIss,Shut Up Kiss Me,Angel Olsen,MY WOMAN,82,183.11,0.2439,0.0,True
2021,6JuEshIRliNXRU1LXctRjZ,Halah,Mazzy Star,She Hangs Brightly,81,196.16,0.2346,0.0,True
2021,1dlgaGdQXmsYKMRuewIZkF,Miss Alissa,Eagles Of Death Metal,Peace Love Death Metal,79,109.3,0.4557,0.0,True
2021,3LueS3mbuB1yaJNN0Ale6U,Avant Gardener,Courtney Barnett,The Double EP: A Sea of Split Peas,79,183.86,0.4684,0.0,True
2021,7wvwXi9Z66dcH5t202vVkN,Will He,Joji,In Tongues (Deluxe),77,194.61,0.2597,0.0,True
2021,4kiMvD7yPec5viFrCQDiYK,Henrietta,The Fratellis,Costello Music,76,132.22,0.3816,0.0,True
2021,0dqJjKKxuKD5Dt3QH2n4CG,Hands Down,The Greeting Committee,It’s Not All That Bad,75,197.14,0.3867,0.0133,True
2021,5lJUXSjRjevVy7I3P87wuK,Your Touch,The Black Keys,Magic Potion,74,108.18,0.4324,0.0,True
2021,1V7mHn6zEEUpgysBYxiW9r,2 Atoms In A Molecule,Noah And The Whale,"Peaceful, The World Lays Me Down",70,116.36,0.3143,0.0,True
2021,4sNG6zQBmtq7M8aeeKJRMQ,Brazil,Declan McKenna,What Do You Think About the Car?,62,95.43,0.5806,0.0,True
2021,2aPTvyE09vUCRwVvj0I8WK,Sundress,A$AP Rocky,Sundress,58,63.14,0.5517,0.0,True
2021,3IXRdLsQib8m0hBbQpe7T8,Hang Me Up To Dry,Cold War Kids,Robbers & Cowards,57,85.1,0.4561,0.0175,True
2021,4fPBB44eDH71YohayI4eKV,You Only Live Once,The Strokes,First Impressions Of Earth,55,90.15,0.4,0.0,True
2021,1Dp7JGFNjvg8Nk0CtMCcnr,Hard Feelings/Loveless,Lorde,Melodrama,51,109.29,0.3725,0.0,True
2021,6KKHXbJtnJPjla3V49YPac,"Prune, You Talk Funny",Gus Dapperton,"Prune, You Talk Funny",51,81.22,0.4902,0.0,True
2021,6ioeN8jQ8Qc3tS8dhpoAVi,Way With Words,Bahamas,Earthtones,51,73.11,0.549,0.0,True
2021,3zobfMEipF81bJfPVp1h09,Stay in My Corner,The Arcs,"Yours, Dreamily,",50,102.5,0.3,0.02,True
2021,7w6QlKAOcNEnqRgrnJvQtr,Stuck on the puzzle,Alex Turner,Submarine - Original Songs From The Film By Alex Turner,50,111.94,0.4,0.0,True
2021,08VEQesIyvMu4xIxec8lMT,"Moodna, Once With Grace",Gus Dapperton,"Moodna, Once With Grace",48,72.06,0.4583,0.0,True
2021,0khHA65uKHItjWKdxWeXFs,In the City,Anika,Anika,48,96.37,0.1042,0.0,True
2021,6lbLn5iL2NBJnbib7bTXMn,Dræm Girl,No Vacation,Summer Break Mixtape,48,148.77,0.2292,0.0,True
2021,5HLes17mwCwKt81mi0Tk35,"Archie, Marry Me",Alvvays,Alvvays,47,106.74,0.2766,0.0,True
2021,5Wyy2JHaM8cKEN6YDC6C8O,Pressure To Party,Julia Jacklin,Crushing,47,94.67,0.2979,0.0,True
2021,6gpSU2C1VJq0xaVIGtQPVi,Francis Forever,Mitski,Bury Me At Makeout Creek,47,51.94,0.4468,0.0,True
2021,1dJuteDIOkGfDSN7zPkzNv,She Don't Use Jelly,The Flaming Lips,Transmissions From the Satellite Heart,46,58.12,0.5652,0.0,True
2021,5AKYyNPYhumqKeOMhdEgQO,I Saw You Close Your Eyes,Local Natives,I Saw You Close Your Eyes,46,73.31,0.4348,0.0,True
2021,2AKwcNHeGAqCpD6etK425X,One Point Perspective,Arctic Monkeys,Tranquility Base Hotel & Casino,45,128.8,0.2667,0.0,True
2021,2EEinN4Zk8MUv4OQuLsTBj,Age of Consent - 2015 Remaster,New Order,Power Corruption and Lies,45,104.13,0.4444,0.0,True
2021,47KDDZgFiX1w6RFOuLXsSn,Tomorrow,Shakey Graves,Tomorrow,45,71.6,0.5111,0.0,True
2021,1zdKc6UvnPuoVHkr0NYyIf,Glass in the park,Alex Turner,Submarine - Original Songs From The Film By Alex Turner,44,113.78,0.3182,0.0,True
2021,2fXKyAyPrEa24c6PJyqznF,Common People - Full Length Version,Pulp,Different Class,44,75.42,0.5682,0.0,True
2021,3pJfnBjO3kjudEchcPEDxS,Afuera,Caifanes,El Nervio Del Volcan,44,83.77,0.4773,0.0,True
2021,0x47zt71IYykbt1ET933pJ,Hiding tonight,Alex Turner,Submarine - Original Songs From The Film By Alex Turner,43,107.25,0.2791,0.0,True
2021,3jp7Ryj1sX3riA7NQaVlLd,Whistle For The Choir,The Fratellis,Costello Music,43,93.92,0.3488,0.0,True
2021,3labT48xWDOOR5dWUUPCkk,Caught Me Thinkin,Bahamas,Barchords,42,48.67,0.5952,0.0,True
2021,5Ss6DqCldgTmIo6BekVOJT,You Say I'm in Love,Banes World,You Say I'm in Love,42,42.62,0.5952,0.0,True
2021,6dtPJwNdLuyVGPWyHOI6GP,It's Only Sex,Car Seat Headrest,Living While Starving,41,56.09,0.4878,0.0244,True
2021,1UsXMQwIzCKSk6oIdRE5Jc,Veins,Palace,Veins,40,59.53,0.5,0.0,True
2021,1o6DclZHw0HomxXEQR1ijX,Rock & Roll - Full Length Version; 2015 Remaster,The Velvet Underground,Loaded: Re-Loaded 45th Anniversary Edition,40,84.89,0.425,0.0,True
2021,1KlDcHrlDPUJJPmMup3tUp,5 Years Time,Noah And The Whale,"Peaceful, The World Lays Me Down",39,63.88,0.5128,0.0,True
2021,1W0OCrMsRP1SLTEdw3JwEz,"Sweet Dreams, TN",The Last Shadow Puppets,Everything You've Come To Expect,39,65.08,0.4615,0.0,True
2021,4D2rEIyYw0meeh8AOXqfxK,Honey Sweet,Blossoms,Blossoms,39,49.75,0.5641,0.0,True
2021,6cUcoLNlWP05KpaJXaXG7g,Sex Tourists,French Kicks,Swimming,39,53.88,0.5641,0.0,True
2021,1bKQdPJ9lid6Yg26HAx8Tf,"Lights Out, Words Gone",Bombay Bicycle Club,A Different Kind Of Fix,38,80.12,0.5526,0.0,True
2021,2GiJYvgVaD2HtM8GqD9EgQ,Electric Love,BØRNS,Dopamine,37,63.06,0.4865,0.0,True
2021,2lwwrWVKdf3LR9lbbhnr6R,Float On,Modest Mouse,Good News For People Who Love Bad News,37,34.15,0.6486,0.0,True
2021,2rphAUoua7y2GNpjnoXWlG,Gotta Cheer Up,Cotton Jones,Paranoid Cocoon,37,58.8,0.3784,0.0,True
2021,3HdcqQpq7zb5GbEKBDY34p,Humbug Mountain Song,Fruit Bats,Absolute Loser,37,38.19,0.6216,0.0,True
2021,414J8tKHbtF16XOiHGBEso,Tezeta (Nostalgia),Mulatu Astatke,"Ethiopiques, Vol. 4: Ethio Jazz 1969-1974",37,51.93,0.7027,0.0,True
2021,4HOg84QsolNLzNp08qZ3sX,didya think,Arlie,Wait,37,41.57,0.6216,0.0,True
2021,1Y8L4hT9CDJH6ROK2XGxgO,On the Beach - 2016 Remaster,Neil Young,On the Beach,36,70.45,0.6111,0.0,True
2021,6ZoXt2on0ub2ORSTWnJCjs,Circles,Durand Jones & The Indications,American Love Call,36,52.65,0.5278,0.0,True
2021,7hm4HTk9encxT0LYC0J6oI,Someday,The Strokes,Is This It,36,53.98,0.4167,0.0,True
2021,1XYX4JnSULbKGCi5uSjeJy,It's hard to get around the wind,Alex Turner,Submarine - Original Songs From The Film By Alex Turner,35,80.05,0.3143,0.0,True
2021,4mpAm83XX1iS63l8wmkEC6,Spread Your Love,Black Rebel Motorcycle Club,B.R.M.C.,35,36.05,0.6,0.0,True
2021,5KkoM9rbevlWf8EePOrwfS,Drinking Song,Haley Heynderickx,I Need to Start a Garden,35,52.45,0.4286,0.0,True
2021,6IY3cC281mz9q0bViUEldz,It's A Trip!,Joywave,Content,35,34.1,0.5429,0.0,True
2021,71cUqXJ3h1r0Ees6YdENLU,Coffee,Sylvan Esso,Sylvan Esso,35,66.33,0.4571,0.0,True
2021,207qLd1ovrqfYVBBDrNMUM,Dance This Mess Around,The B-52's,The B-52's,34,81.32,0.3235,0.0,True
2021,3SUusuA9jH1v6PVwtYMbdv,Last Nite,The Strokes,Is This It,34,38.49,0.5882,0.0,True
2021,3hJLKtTpgct9Y9wKww0BiR,Miss You - Remastered,The Rolling Stones,Some Girls,34,62.14,0.5,0.0,True
2021,6qQGxKyy6LcyZVsWn93lyS,Pink Triangle,Weezer,Pinkerton,34,28.6,0.6765,0.0,True
2021,3TZwjdclvWt7iPJUnMpgcs,Jump Around,House Of Pain,House of Pain (Fine Malt Lyrics),33,55.69,0.3636,0.0,True
2021,3stWWPN41byqp8loPdy92u,Master of None,Beach House,Beach House,33,51.83,0.5152,0.0,True
2021,5dnvWWkwwFJoDDc0QoSbvf,Is It Any Wonder?,Durand Jones & The Indications,Durand Jones & The Indications,33,50.73,0.6364,0.0,True
2021,62ZXL1CWLJDiDWUZUhfLfU,Dopamine,BØRNS,Dopamine,33,57.55,0.4242,0.0606,True
2021,6jg5SRvdGxvJ0DzNV0UqEK,Please Don't Go,Mike Posner,31 Minutes to Takeoff,33,49.9,0.5455,0.0,True
2021,1UGD3lW3tDmgZfAVDh6w7r,Devil In A New Dress,Kanye West,My Beautiful Dark Twisted Fantasy,32,51.83,0.4062,0.0,True
2021,2TeYAizye4GlmzQq5zyf91,The Physical Attractions,The Symposium,The Symposium,32,28.37,0.8125,0.125,True
2021,4PJxptsSC9S89hTO8gRCv3,Piledriver waltz,Alex Turner,Submarine - Original Songs From The Film By Alex Turner,32,64.71,0.4062,0.0,True
2021,5EYi2rH4LYs6M21ZLOyQTx,Loving Is Easy (feat. Benny Sings),Rex Orange County,Loving Is Easy (feat. Benny Sings),32,35.94,0.5,0.0,True
2021,5dmPNuHmRRJuHmJTDa7NuJ,Bambi,Hippo Campus,Bambi,32,29.67,0.7188,0.0,True
2021,2IDaot6HBRmqldvBjCp0iA,Dug My Heart,BØRNS,Dopamine,31,35.28,0.5806,0.0,True
2021,2VMJkgrhqfOOYBlZif2nvX,She Wants My Money,Dominic Fike,"Don't Forget About Me, Demos",31,29.47,0.5484,0.0,True
2021,5ZaQW8tvH33GVJ0E3sLz2w,Misty Morning,Travis Bretzer,Bitter Suites,31,22.24,0.7097,0.0,True
2021,5bJ1DrEM4hNCafcDd1oxHx,Self Care,Mac Miller,Swimming,31,38.11,0.6452,0.0,True
2021,6EvUAsfncetT0RcWshHCbl,I'll Come Too,James Blake,Assume Form,31,85.23,0.3226,0.0,True
2021,0SBariQWfKjoslW2XSIFOm,Seventeen,Peach Pit,Sweet FA,30,38.49,0.6333,0.0,True
2021,0U3u0HdRQjD8mAMYBak4Ok,Saw You In A Dream,The Japanese House,Saw You In A Dream,30,44.28,0.5667,0.0,True
2021,3Pu3IChaAoa5EjgUBv5F6x,Ballroom Blitz,Sweet,Desolation Boulevard,30,46.7,0.5333,0.0,True
2021,0FgNSsaSZTvbLXUumSO8LQ,Star Treatment,Arctic Monkeys,Tranquility Base Hotel & Casino,29,44.4,0.6552,0.0,True
2021,1HYnjKqSSHh1tdl2Hi57zH,"Wasteland, Baby!",Hozier,"Wasteland, Baby!",29,48.74,0.4828,0.0345,True
2021,1Xtz05nIgJiEYdncfd1w8h,Soledad y el Mar (feat. Los Macorinos),Natalia Lafourcade,"Musas (Un Homenaje al Folclore Latinoamericano en Manos de Los Macorinos, Vol. 1)",29,56.13,0.3793,0.0,True
2021,2pA4ip3VIEVcIa3qE02oAX,"10,000 Emerald Pools",BØRNS,Dopamine,29,59.72,0.2414,0.1034,True
2021,2zPANzQTt5Nbkg0eBPb7HI,There Will Never Be Another You - Vocal Version,Chet Baker,Chet Baker Sings,29,25.61,0.6897,0.0,True
2021,4V0x90QcMh4ZxwHzEWOdtK,Feel It All Around,Washed Out,Life of Leisure,29,27.2,0.6897,0.0345,True
2021,6LOZws7T3jqZz78unPgFF9,Dead To Me,Kali Uchis,Isolation,29,45.28,0.4828,0.0,True
2021,6SpLc7EXZIPpy0sVko0aoU,Misery Business,Paramore,Riot!,29,19.64,0.7241,0.0,True
2021,6gU7ohksNd6LsEJMWfDRhp,Soma,The Strokes,Is This It,29,52.28,0.2414,0.0,True
2021,7zFXmv6vqI4qOt4yGf3jYZ,Get You (feat. Kali Uchis),Daniel Caesar,Freudian,29,51.37,0.5517,0.0,True
2021,09x9v1o51dbqi5H0u7UGfp,I Will - Remastered 2009,The Beatles,The Beatles,28,22.7,0.5357,0.0,True
2021,11EOvxJRG665bwRU0z6YVa,Luna,Bombay Bicycle Club,"So Long, See You Tomorrow",28,44.9,0.4643,0.0357,True
2022,1XGwjdHXHNu3842f75eg3T,The Waiting,Angel Olsen,Half Way Home,246,726.42,0.2561,0.0041,True
2022,5Wyy2JHaM8cKEN6YDC6C8O,Pressure To Party,Julia Jacklin,Crushing,150,307.94,0.3067,0.0067,True
2022,4BMk6XhlXJW7ZgIS8vSBZk,Caderas Blancas,Mon Laferte,Norma,120,328.65,0.2,0.025,True
2022,4aCnN8VmKVqX4PnSB1Ie07,"Creator, Destroyer",Angel Olsen,Strange Cacti,117,275.32,0.3077,0.0171,True
2022,3BlsMrQVvRCk3jmmKV7otm,Island Music,Tennis,Yours Conditionally,109,234.7,0.3303,0.055,True
2022,5JeZZtqY0loM9UHQVIChby,Some things Cosmic,Angel Olsen,Strange Cacti,100,171.72,0.34,0.03,True
2022,5HLes17mwCwKt81mi0Tk35,"Archie, Marry Me",Alvvays,Alvvays,78,138.94,0.4615,0.0385,True
2022,6TJAFFa2VaRdFB5UA4BJRt,Origins,Tennis,Young & Old,77,187.91,0.2857,0.0,True
2022,3eiXtKo5PAWArBDAw1gkhI,El Beso,Mon Laferte,Norma,74,160.76,0.2568,0.0676,True
2022,4skuEIloXWuxxgekKupkEH,Tu Falta De Querer,Mon Laferte,Mon Laferte - Vol. 1,73,184.81,0.3699,0.3151,True
2022,0OEBOJhSObnFuHuasXdt52,Dia de Enero,Shakira,"Fijación Oral, Vol. 1",72,152.89,0.2778,0.1528,True
2022,00kIWJu9IHiQ6i0qJAU0Z9,Amor Completo,Mon Laferte,Mon Laferte - Vol. 1,71,129.3,0.4648,0.0986,True
2022,1e2LGT07diSwc7UYnK7txi,More Of The Same,Caroline Rose,LONER,70,201.28,0.3429,0.0143,True
2022,3jw5KrLTxeIzpSvByNsH7F,Blue Coupe,Twin Peaks,Sweet '17 Singles,68,124.55,0.4559,0.0735,True
2022,71gZOVZcfn2Yp6evM2PdzW,Shake Your Lonely,Twin Peaks,Sweet '17 Singles,68,138.56,0.4265,0.0882,True
2022,5kTfGxslMBLVeapaoeb0ZW,Soul No. 5,Caroline Rose,LONER,65,112.8,0.4923,0.0154,True
2022,1gQxoBZiyLK5hRLLoBg89x,Primaveral,Mon Laferte,La Trenza,63,135.55,0.4286,0.0794,True
2022,3LueS3mbuB1yaJNN0Ale6U,Avant Gardener,Courtney Barnett,The Double EP: A Sea of Split Peas,56,163.64,0.3571,0.0357,True
2022,2NsMwNWumJXCdTg2IZCLZ5,Lento,Julieta Venegas,Si,54,114.35,0.3704,0.0185,True
2022,3EK4tGkSiO5xvvB5sM4tln,Amárrame,Mon Laferte,La Trenza,52,106.72,0.3462,0.0769,True
2022,4kiMvD7yPec5viFrCQDiYK,Henrietta,The Fratellis,Costello Music,52,88.87,0.4038,0.0769,True
2022,5FlBGGwGuqYmqr0qeBWrxe,Five to One,The Doors,Waiting for the Sun,50,92.5,0.34,0.46,True
2022,05iMQqncVBIm4AE26EvaTL,Andar Conmigo,Julieta Venegas,Si,49,106.59,0.2449,0.0204,True
2022,3geFzA6VBSNZUTmV3bCry6,Mardy Bum,Arctic Monkeys,"Whatever People Say I Am, That's What I'm Not",49,45.48,0.6531,0.0,True
2022,2M7enaZSs1DRRjZscA4LAj,Reminiscing,The Buttertones,Buttertones,47,91.79,0.2766,0.0426,True
2022,2ZNYFHhkBoS4KHr5eXnQth,Funeral,Mon Laferte,Norma,47,146.84,0.2553,0.0213,True
2022,28UP90XhjCovLtieduYr9P,Mi Buen Amor,Mon Laferte,La Trenza,46,94.95,0.3478,0.3913,True
2022,3Hx7RXqCS7Kzjy2ot2q1Gk,Fever,The Black Keys,Turn Blue,46,63.26,0.5652,0.0435,True
2022,4mq4UFHLd9OZXRBClDyTed,Game,ELIZA,A Real Romantic,42,135.82,0.2857,0.0,True
2022,6d5faX65tSGFKcXsOJQRFi,In the Morning I'll Be Better,Tennis,Yours Conditionally,42,64.75,0.5,0.0476,True
2022,28kOpVf1aCgL0LSFfuKV4w,Oom Sha La La,Haley Heynderickx,I Need to Start a Garden,41,73.68,0.3902,0.0488,True
2022,5KkoM9rbevlWf8EePOrwfS,Drinking Song,Haley Heynderickx,I Need to Start a Garden,41,87.23,0.3415,0.0244,True
2022,3HMYsT5mnqQ57tVjvqlETb,Flaco,Mon Laferte,La Trenza,39,119.54,0.1282,0.0513,True
2022,6g6FWPdAMf55CpmkoE7jF1,Invéntame,Mon Laferte,Invéntame,39,88.08,0.3333,0.1538,True
2022,3AgrcbfCREzW0kGFUNJnqW,Rocky's Late Night,Albert Hammond Jr,Francis Trouble,38,71.89,0.4737,0.2368,True
2022,4M1lEbqPzlEw1JYWB6aE7K,Estoy Aquí,Shakira,Pies Descalzos,38,102.78,0.3684,0.0,True
2022,79DO6dBi8936P6EShLB209,Lightning Bolt,Jake Bugg,Jake Bugg,38,52.82,0.3947,0.1053,True
2022,2CbtdkBeW9Znt4vXTOafAl,A Certain Romance,Arctic Monkeys,"Whatever People Say I Am, That's What I'm Not",36,95.03,0.3889,0.0278,True
2022,0Xn1VqBjoL4PAGxyatEO0Z,Gotas De Agua Dulce,Juanes,La Vida Es Un Ratico,35,70.03,0.3143,0.1143,True
2022,14g6foD6sxO1qgkDKuPgWv,Swingin Party - 2008 Remaster,The Replacements,Tim,35,48.71,0.6286,0.0,True
2022,6Yu1OL8I0D4vjOzYdsXYGK,12:51,The Strokes,Room On Fire,35,36.91,0.5429,0.0286,True
2022,582EVyAFKmKPa1bVPSDurJ,Two Fingers,Jake Bugg,Jake Bugg,34,39.39,0.6176,0.0882,True
2022,6ikh8e4YxgOlb11LWUaBp4,The Keys,Matt Duncan,Soft Times,34,67.55,0.3235,0.0,True
2022,7hm4HTk9encxT0LYC0J6oI,Someday,The Strokes,Is This It,34,30.58,0.6765,0.1176,True
2022,1TYRcvY3JTYoLVhADPpDH5,Red Light Indicates Doors Are Secured,Arctic Monkeys,"Whatever People Say I Am, That's What I'm Not",32,50.06,0.375,0.0625,True
2022,31u6rUeIEXGrYVoh10U7eu,Leave It In My Dreams,The Voidz,Virtue,32,53.79,0.5,0.1562,True
2022,3SUusuA9jH1v6PVwtYMbdv,Last Nite,The Strokes,Is This It,32,38.84,0.5938,0.0312,True
2022,0Juciz8gOjrO89qw5KwQV5,Call Me Irresponsible - 2001 Remaster,Bobby Darin,From Hello Dolly To Goodbye Charlie,30,34.85,0.3667,0.0333,True
2022,29EkMZmUNz1WsuzaMtVo1i,I Bet You Look Good On The Dancefloor,Arctic Monkeys,"Whatever People Say I Am, That's What I'm Not",30,32.61,0.5667,0.0,True
2022,3jp7Ryj1sX3riA7NQaVlLd,Whistle For The Choir,The Fratellis,Costello Music,30,38.39,0.6,0.0667,True
2022,7LngfsOr2JVe4y7VXnjqvn,Alive & Amplified,The Mooney Suzuki,Alive & Amplified,30,21.62,0.7667,0.1667,True
2022,0ZRrJTPXDToRJ2iLo9oLrW,When The Sun Goes Down,Arctic Monkeys,"Whatever People Say I Am, That's What I'm Not",29,42.48,0.5172,0.069,True
2022,1F6IbA7di42uPc3cff8PXV,Flaming Hot Cheetos,Clairo,Flaming Hot Cheetos,29,35.61,0.3793,0.1034,True
2022,2vVHf43MQ8V3gDbo8HRlnJ,Perhaps Vampires Is A Bit Strong But…,Arctic Monkeys,"Whatever People Say I Am, That's What I'm Not",29,36.77,0.6552,0.069,True
2022,3ItzRpwvKtkDSNdRSjXu7Z,Chelsea Dagger,The Fratellis,Costello Music,29,43.81,0.5172,0.069,True
2022,3e5eR2DBoHD2qR4HN3YmTv,Whole Wide World,Bahamas,Pink Strat,29,37.54,0.4483,0.0345,True
2022,5ojVq0bohB1uEEMga1IO3j,You Probably Couldn't See For The Lights But You Were Staring Straight At Me,Arctic Monkeys,"Whatever People Say I Am, That's What I'm Not",29,23.56,0.6207,0.1034,True
2022,7wYU1avLwl1Gtkib8OTrZp,Dionysus,The Buttertones,Buttertones,29,48.96,0.4828,0.2069,True
2022,3bt6gBOA41MHQfXy0Jf855,Don't Know How To Keep Loving You,Julia Jacklin,Crushing,28,53.43,0.6429,0.0714,True
2022,4PJxptsSC9S89hTO8gRCv3,Piledriver waltz,Alex Turner,Submarine - Original Songs From The Film By Alex Turner,28,26.25,0.6429,0.0,True
2022,7sI80PK0P3tDCvULKszqzL,Set to Attack,Albert Hammond Jr,Francis Trouble,28,28.54,0.6429,0.0357,True
2022,03pRnmoWR9IVKkIR73iGIG,Take It Easy (Ever After Lasting Love),White Denim,Stiff,27,49.93,0.4074,0.0,True
2022,0hCjDPhl5JbFpYbrlebXvB,In the Kingdom,Mazzy Star,Seasons of Your Day,27,77.83,0.3704,0.0741,True
2022,1Bph2KY0MA2JUiX5uADWjZ,Broken,Jake Bugg,Jake Bugg,27,66.59,0.4444,0.0741,True
2022,3MJov5mT64K42o1Rffhblq,Never in My Wildest Dreams,Dan Auerbach,Waiting on a Song,27,32.27,0.5926,0.037,True
2022,59xYAblNy1Xr4U1IsJ3gZb,Simple As This,Jake Bugg,Jake Bugg,27,85.18,0.1481,0.0741,True
2022,7gsArdm7rk6X6wsMr2QKWS,From The Ritz To The Rubble,Arctic Monkeys,"Whatever People Say I Am, That's What I'm Not",27,34.39,0.4074,0.0,True
2022,0IVkP59yJ9GFF6B7IrvrxA,Paper Bag,Fiona Apple,When The Pawn...,26,51.58,0.3077,0.0769,True
2022,1ZozGivTAYsOwhy6LVHsPX,Kool Thing,Sonic Youth,Goo,26,17.37,0.7692,0.1154,True
2022,4m3vLNZkFAjm30XxPXf7E3,Eres para Mí (with Anita Tijoux),Julieta Venegas,Limon Y Sal,26,71.85,0.1538,0.0769,True
2022,5t1Eqjxu93ub0LiTgxZQOB,Flathead,The Fratellis,Costello Music,26,25.88,0.6154,0.0769,True
2022,68qYhu1du0kbiyAtnIKNLh,Tea for Two,Albert Hammond Jr,Francis Trouble,26,35.83,0.6538,0.0769,True
2022,6DUKQUhWqUySYngLXLNwP2,Automatic Stop,The Strokes,Room On Fire,26,29.2,0.6154,0.0385,True
2022,7KwJrAQMoJyUEBes3evMLv,Orpheus Under the Influence,The Buttertones,Buttertones,26,31.82,0.4615,0.0769,True
2022,2gZUPNdnz5Y45eiGxpHGSc,POWER,Kanye West,My Beautiful Dark Twisted Fantasy,25,43.95,0.28,0.0,True
2022,3UI9I3e1g1y5T3SMfdgfGO,Colgando en tus manos (con Marta Sánchez),Carlos Baute,De mi puño y letra - Edicion Coleccionista,25,36.83,0.56,0.04,True
2022,5FFowl1Ve4S5OehL6OywSg,Waiting Room,Fugazi,13 Songs,25,33.63,0.36,0.0,True
2022,5HjqXQPZi27d92H5gCo1Oq,Making Breakfast,Twin Peaks,Wild Onion,25,39.08,0.24,0.0,True
2022,6i8gUFwd6cFuC20Wz4wDPq,Burning Man,Third Eye Blind,Third Eye Blind,25,59.4,0.16,0.36,True
2022,78Gzxi27GuNHTfkn2BylG4,What Ever Happened?,The Strokes,Room On Fire,25,19.58,0.72,0.04,True
2022,0WQiDwKJclirSYG9v5tayI,There Is a Light That Never Goes Out - 2011 Remaster,The Smiths,The Queen Is Dead,24,20.92,0.75,0.125,True
2022,4XYo3W8U6IY42EbB01rnR4,Heaven,Clairo,Heaven,24,45.48,0.4167,0.0417,True
2022,00t7QTffOR3SA3L1BvSQVq,Suicidal Thoughts - 2005 Remaster,The Notorious B.I.G.,Ready to Die - The Remaster; 2015 Remaster,23,49.87,0.2609,0.0435,True
2022,1Jte640nBiOWyuD7N0odNZ,In Transit,Albert Hammond Jr,Yours to Keep,23,38.32,0.4783,0.0,True
2022,1K7xX7qHXeIMwfTtxieAxH,Head Alone,Julia Jacklin,Crushing,23,31.26,0.5217,0.0,True
2022,1pHP4JeQV9wDx87D6qH9hD,Here It Goes Again,OK Go,Oh No,23,10.31,0.8696,0.0,True
2022,6QQ0yYfjTS8XhiuDqGCXA3,Look At Grandma,Bo Diddley,Where It All Began,23,32.21,0.5217,0.087,True
2022,12lKq3hZs1BwcqKnA5VXxO,Velvet Ditch,The Arcs,"Yours, Dreamily,",22,13.87,0.8182,0.2273,True
2022,2Xb6wJYGi0QXwURw5WWvI5,Right Down the Line,Gerry Rafferty,City to City,22,37.41,0.5455,0.1364,True
2022,7dITAq1YP5e0kTcaDq4YWI,Limón y Sal,Julieta Venegas,Limon Y Sal,22,38.99,0.4091,0.0909,True
2022,7mJG18yZGq0aXKWNtK3FQf,Algo Está Cambiando,Julieta Venegas,Si,22,45.76,0.3636,0.0,True
2022,1i6N76fftMZhijOzFQ5ZtL,Psycho Killer - 2005 Remaster,Talking Heads,Talking Heads '77,21,13.36,0.5714,0.0952,True
2022,2fscHtYDKLd7xYRCTe3prP,Amor (Ft. Mon Laferte) - Mtv Unplugged,Los Auténticos Decadentes,Amor (Ft. Mon Laferte) (Mtv Unplugged),21,32.29,0.5238,0.0476,True
2022,3IXRdLsQib8m0hBbQpe7T8,Hang Me Up To Dry,Cold War Kids,Robbers & Cowards,21,37.7,0.4762,0.0952,True
2022,3PG7BAJG9WkmNOJOlc4uAo,Femme Fatale,The Velvet Underground,The Velvet Underground & Nico 45th Anniversary,21,19.93,0.619,0.0952,True
2022,3fk5fBFB27GbWGATdBpOgr,Carmesí,Vicente Garcia,A la Mar,21,29.93,0.4762,0.1429,True
2022,4fPBB44eDH71YohayI4eKV,You Only Live Once,The Strokes,First Impressions Of Earth,21,32.67,0.5238,0.0,True
2022,6Y5k0NupErwLzOQXDxfVFa,Te Quiero Comer La Boca,La Mosca Tse-Tse,Buenos Muchachos,21,21.61,0.6667,0.0476,True
2022,1Jmqubf9kGkWeYQXQKImL5,People Are Strange,The Doors,Strange Days,20,11.85,0.7,0.15,True
2022,3QHA3SBpz2SDEpI1HuMT0e,The Only One,The Black Keys,Brothers,20,52.85,0.4,0.1,True
2023,5HgAZuHFAU5qLLMYuIQkgq,Run Right Back,The Black Keys,El Camino,78,171.52,0.2051,0.0513,True
2023,32lewphnrnKx7lgsanoakd,Dearest,The Black Keys,Rave On Buddy Holly,75,168.92,0.0667,0.08,True
2023,5HjqXQPZi27d92H5gCo1Oq,Making Breakfast,Twin Peaks,Wild Onion,72,130.81,0.2222,0.1806,True
2023,3SUusuA9jH1v6PVwtYMbdv,Last Nite,The Strokes,Is This It,70,155.89,0.3,0.5857,True
2023,79DO6dBi8936P6EShLB209,Lightning Bolt,Jake Bugg,Jake Bugg,66,117.6,0.3485,0.2273,True
2023,3Wwd0W89C56cCRilh8HFNs,The Go Getter,The Black Keys,Brothers,63,204.76,0.2222,0.3016,True
2023,5rTIpPWeO0IL4HWlGWrz5G,Brianstorm,Arctic Monkeys,Favourite Worst Nightmare,62,136.87,0.1452,0.1129,True
2023,2MVwrvjmcdt4MsYYLCYMt8,Tighten Up,The Black Keys,Brothers,59,80.09,0.5254,0.2881,True
2023,3QHA3SBpz2SDEpI1HuMT0e,The Only One,The Black Keys,Brothers,59,171.42,0.3898,0.1695,True
2023,6dU5RxthbuaN31bRbEDlNw,Everlasting Light,The Black Keys,Brothers,58,108.7,0.4138,0.2931,True
2023,0grFc6klR3hxoHLcgCYsF4,Howlin' for You,The Black Keys,Brothers,51,84.42,0.4118,0.2549,True
2023,25YlltWXRb9k7KbrEBRuhJ,Lo/Hi,The Black Keys,"""Let's Rock""",50,100.91,0.28,0.32,True
2023,6O0xnpq8xNi4VNvS6yezHN,Plastic Soul,Mondo Cozmo,Plastic Soul,50,225.58,0.1,0.14,True
2023,2qoLCpTRYv6h8Vx94hxkvl,Ten Cent Pistol,The Black Keys,Brothers,48,88.23,0.4583,0.375,True
2023,4qjqO5m5e5vebk9upd7xUU,Never Gonna Give You Up,The Black Keys,Brothers,48,82.72,0.4792,0.3958,True
2023,4c15DmbPf9g3HNPipLBBu0,I'm Not the One,The Black Keys,Brothers,45,54.2,0.6444,0.2444,True
2023,582EVyAFKmKPa1bVPSDurJ,Two Fingers,Jake Bugg,Jake Bugg,45,66.12,0.4889,0.2667,True
2023,1XGwjdHXHNu3842f75eg3T,The Waiting,Angel Olsen,Half Way Home,41,128.74,0.1463,0.1951,True
2023,2UE4m8egf0aREmOi47sDOk,Next Girl,The Black Keys,Brothers,41,81.98,0.3659,0.3415,True
2023,0OM9ri37LIbPc9hffwsyb1,Hard To Explain,The Strokes,Is This It,40,93.08,0.3,0.25,True
2023,1comODdI862K7ei34XZRa4,Too Afraid to Love You,The Black Keys,Brothers,40,64.07,0.45,0.25,True
2023,26ZnmGlPGXaOzPDydAP9D5,She's Long Gone,The Black Keys,Brothers,40,67.97,0.375,0.275,True
2023,5JeZZtqY0loM9UHQVIChby,Some things Cosmic,Angel Olsen,Strange Cacti,38,48.94,0.4737,0.1053,True
2023,2y42MmBCfEhqIkFAJs0V8Z,Black Mud,The Black Keys,Brothers,37,26.09,0.6486,0.2703,True
2023,4BD3sl4HjTAzWGVIP8LLm4,I Wanna C U,Blood Orange,Angel's Pulse,37,14.78,0.7027,0.1622,True
2023,78krcD2vFUXJ3Y0XXeiHWH,Sinister Kid,The Black Keys,Brothers,37,67.22,0.4054,0.2432,True
2023,6gU7ohksNd6LsEJMWfDRhp,Soma,The Strokes,Is This It,34,42.16,0.4706,0.1471,True
2023,0BQH5uHglCuHVImyCjOOHc,Unknown Brother,The Black Keys,Brothers,33,51.98,0.5152,0.2727,True
2023,0NfdbvWFwlVMA183QibxCB,Me Vale,Maná,¿Dónde Jugarán Los Niños?,33,139.4,0.2424,0.5758,True
2023,7hm4HTk9encxT0LYC0J6oI,Someday,The Strokes,Is This It,33,42.94,0.6061,0.1818,True
2023,0LO7f7ZJg871B8hLTRzrfB,Julia,Mt. Joy,Mt. Joy,32,62.66,0.3438,0.2188,True
2023,2jggaUpOvn2G6Pv2HCEU6m,Esa noche,Café Tacvba,Re,31,43.33,0.4839,0.6129,True
2023,4kiMvD7yPec5viFrCQDiYK,Henrietta,The Fratellis,Costello Music,31,48.7,0.3548,0.129,True
2023,59xYAblNy1Xr4U1IsJ3gZb,Simple As This,Jake Bugg,Jake Bugg,31,55.02,0.4194,0.5161,True
2023,1FvDJ9KGxcqwv1utyPL3JZ,This Charming Man - 2011 Remaster,The Smiths,The Smiths,29,38.36,0.4483,0.1034,True
2023,4lY95OMGb9WxP6IYut64ir,Shake It Out,Florence + The Machine,Ceremonials - Deluxe Edition,29,134.28,0.1724,0.2414,True
2023,4OkPamOn5GofkOQu64Z4eR,Teddy Picker,Arctic Monkeys,Favourite Worst Nightmare,28,30.71,0.4286,0.0714,True
2023,0W0euvQlhbcsTydzsD4EQk,Death Letter Blues,Son House,Father Of The Delta Blues: The Complete 1965 Sessions,26,68.21,0.2692,0.1923,True
2023,0jBE7Fn78EAvmIs3dCd6GO,Is This It,The Strokes,Is This It,26,23.3,0.6154,0.1538,True
2023,5FlBGGwGuqYmqr0qeBWrxe,Five to One,The Doors,Waiting for the Sun,26,67.26,0.1923,0.1538,True
2023,7KwJrAQMoJyUEBes3evMLv,Orpheus Under the Influence,The Buttertones,Buttertones,26,19.14,0.6154,0.0385,True
2023,0ElRzK07sc9eszyk1ea9Ab,Human Fly,The Cramps,Off The Bone,25,38.12,0.36,0.6,True
2023,0z9dPcBhJvqO06QMaKelUE,Drunk on Halloween,Wallows,Drunk on Halloween,25,69.06,0.32,0.56,True
2023,3ghXwIS6cr3P5InauKlqFy,These Days,The Black Keys,Brothers,25,41.17,0.68,0.32,True
2023,3iiObSfkcBsETljmSB4Hcs,When It Started,The Strokes,Is This It,25,30.65,0.44,0.04,True
2023,4mdyVTV7Tr5YDFnD2kvSM4,Bruises,Chairlift,Does You Inspire You,25,58.83,0.36,0.32,True
2023,2CzWeyC9zlDpIOZPUUKrBW,1234,Feist,The Reminder,24,41.9,0.2917,0.25,True
2023,48UPSzbZjgc449aqz8bxox,Californication,Red Hot Chili Peppers,Californication,24,73.3,0.2917,0.0417,True
2023,4fPBB44eDH71YohayI4eKV,You Only Live Once,The Strokes,First Impressions Of Earth,24,24.39,0.6667,0.4583,True
2023,5sCab5LlHPDB6NjvrZMwdX,Rudy,Rostam,Half-Light,24,66.04,0.2917,0.4167,True
2023,6MdqqkQ8sSC0WB4i8PyRuQ,No Diggity,Blackstreet,Another Level,24,130.55,0.125,0.2083,True
2023,6Vmow8PuUaU7W1T2WWLZk2,Go Gina,SZA,Ctrl,24,48.74,0.3333,0.2083,True
2023,1420BGhbXGkIJtbtBlfpYE,The Modern Age,The Strokes,Is This It,23,38.12,0.3913,0.2609,True
2023,2M7enaZSs1DRRjZscA4LAj,Reminiscing,The Buttertones,Buttertones,23,65.66,0.0435,0.087,True
2023,6EvUAsfncetT0RcWshHCbl,I'll Come Too,James Blake,Assume Form,23,32.59,0.5217,0.4348,True
2023,77oU2rjC5XbjQfNe3bD6so,Beast Of Burden - Remastered 1994,The Rolling Stones,Some Girls,23,76.62,0.3043,0.1304,True
2023,01T0Kq5YOIRF9BQRXJsyfe,Portuguese Knife Fight,Cage The Elephant,Tell Me I'm Pretty,22,40.42,0.3636,0.0455,True
2023,1Bph2KY0MA2JUiX5uADWjZ,Broken,Jake Bugg,Jake Bugg,22,49.19,0.4091,0.5,True
2023,1LzNfuep1bnAUR9skqdHCK,Fade Into You,Mazzy Star,So Tonight That I Might See,22,70.38,0.3182,0.7727,True
2023,2g3JAKjKruTL40VffoGLmg,Blue Sunday,The Doors,Morrison Hotel,22,22.93,0.5455,0.1818,True
2023,3zksbXteOCeSusJ5Xltr3t,Bubble Gum,Clairo,Bubble Gum,22,56.43,0.1818,0.1364,True
2023,4iEOVEULZRvmzYSZY2ViKN,Left Hand Free,alt-J,This Is All Yours,22,38.27,0.3182,0.0909,True
2023,1IFRVS4t1olI0XG9RBWdKH,The Girl,City and Colour,Bring Me Your Love (Special Edition),21,37.6,0.381,0.381,True
2023,1Q5kgpp4pmyGqPwNBzkSrw,Roadhouse Blues,The Doors,Morrison Hotel,21,64.1,0.1429,0.1905,True
2023,21Ay8Y9Pr91nSauPGtK6MW,Barely Legal,The Strokes,Is This It,21,44.34,0.2857,0.2381,True
2023,45QyGXbqTWaFUrIKe2ugs3,D Is for Dangerous,Arctic Monkeys,Favourite Worst Nightmare,21,19.11,0.4286,0.0952,True
2023,6g6FWPdAMf55CpmkoE7jF1,Invéntame,Mon Laferte,Invéntame,21,53.64,0.1905,0.4286,True
2023,10u9028SSfRyIKxV4xrzsg,Darling Baby,The Elgins,Hitsville USA - The Motown Singles Collection 1959-1971,20,34.27,0.25,0.2,True
2023,5G1sTBGbZT5o4PNRc75RKI,Lonely Boy,The Black Keys,El Camino,20,16.65,0.75,0.0,True
2023,5XeFesFbtLpXzIVDNQP22n,I Wanna Be Yours,Arctic Monkeys,AM,20,15.34,0.65,0.1,True
2023,5lN1EH25gdiqT1SFALMAq1,Gold on the Ceiling,The Black Keys,El Camino,20,44.63,0.2,0.35,True
2023,3AJwUDP919kvQ9QcozQPxg,Yellow,Coldplay,Parachutes,19,40.53,0.3158,0.1579,True
2023,4riDfclV7kPDT9D58FpmHd,Some,Steve Lacy,Some,19,25.54,0.2105,0.0526,True
2023,53PkA8aXiwH4ppa0V0iO7o,oh baby,LCD Soundsystem,american dream,19,71.77,0.4211,0.1579,True
2023,5piJiL6aRhvrKBa9YuEfS9,Peace Frog,The Doors,Morrison Hotel,19,32.71,0.3158,0.1579,True
2023,0djZ2ndRfAL69WYNra5jRC,April Come She Will,Simon & Garfunkel,Sounds Of Silence,18,20.34,0.3889,0.2222,True
2023,0dy6iXYIF0piirySAzCBwF,The End Has No End,The Strokes,Room On Fire,18,22.64,0.5,0.5556,True
2023,0qp8MuZNKelOGTK2HPlXBA,Kids Turned Out Fine,A$AP Rocky,TESTING,18,20.81,0.5,0.2778,True
2023,1YLJVmuzeM2YSUkCCaTNUB,Dog Days Are Over,Florence + The Machine,Lungs,18,16.37,0.7222,0.0,True
2023,1nIUgRxbi4aY4fV5A26Jrp,I'll Be Your Man,The Black Keys,The Big Come Up,18,32.15,0.2778,0.3333,True
2023,3BlsMrQVvRCk3jmmKV7otm,Island Music,Tennis,Yours Conditionally,18,23.83,0.5556,0.3889,True
2023,3IXRdLsQib8m0hBbQpe7T8,Hang Me Up To Dry,Cold War Kids,Robbers & Cowards,18,17.48,0.7222,0.1111,True
2023,3QIoEi8Enr9uHffwInGIsC,Please Come Home for Christmas - 2013 Remaster,Eagles,Please Come Home for Christmas / Funky New Year,18,47.46,0.1667,0.8889,True
2023,3jp7Ryj1sX3riA7NQaVlLd,Whistle For The Choir,The Fratellis,Costello Music,18,35.75,0.5556,0.2778,True
2023,3kKb3U3a8jmUJQB9ypE1Jl,Under Control,The Strokes,Room On Fire,18,25.63,0.5,0.2778,True
2023,4JpazKcfOhbwqZrsYhzHee,Jackie and Wilson,Hozier,Hozier (Expanded Edition),18,45.55,0.2222,0.3889,True
2023,5By7Pzgl6TMuVJG168VWzS,Michelle - Remastered 2009,The Beatles,Rubber Soul,18,32.18,0.3333,0.5,True
2023,5RoIXwyTCdyUjpMMkk4uPd,Sweet Disposition,The Temper Trap,Conditions,18,36.7,0.4444,0.2778,True
2023,6VnpKLtfNH4Dk09YSGPSyR,It Ain't Over 'Til It's Over,Lenny Kravitz,Mama Said,18,45.72,0.2778,0.0,True
2023,7J3NsRNtQ0N7umdQQAlWNT,New Coat,White Denim,Last Day of Summer (Remastered),18,22.24,0.3889,0.2222,True
2023,7e8utCy2JlSB8dRHKi49xM,Fluorescent Adolescent,Arctic Monkeys,Favourite Worst Nightmare,18,20.26,0.5,0.0556,True
2023,2ytWZnTYDffdE8q6bXV6VM,ScreMER,Albert Hammond Jr,Francis Trouble,17,27.43,0.3529,0.7059,True
2023,6JuEshIRliNXRU1LXctRjZ,Halah,Mazzy Star,She Hangs Brightly,17,42.13,0.1765,0.2941,True
2023,78Gzxi27GuNHTfkn2BylG4,What Ever Happened?,The Strokes,Room On Fire,17,18.85,0.5294,0.4118,True
2023,7HKez549fwJQDzx3zLjHKC,Start Me Up - Remastered 2009,The Rolling Stones,Tattoo You,17,42.53,0.2353,0.1176,True
2023,0LtOwyZoSNZKJWHqjzADpW,Feels Like We Only Go Backwards,Tame Impala,Lonerism,16,3.66,0.9375,0.0625,True
2023,0hDQV9X1Da5JrwhK8gu86p,Maps,Yeah Yeah Yeahs,Fever To Tell,16,19.43,0.625,0.25,True
2023,2UWdUez9MB9yzL7Y81Mcip,The Suburbs,Arcade Fire,The Suburbs,16,61.13,0.25,0.125,True
2023,3jw5KrLTxeIzpSvByNsH7F,Blue Coupe,Twin Peaks,Sweet '17 Singles,16,38.28,0.1875,0.0,True
2023,4aCnN8VmKVqX4PnSB1Ie07,"Creator, Destroyer",Angel Olsen,Strange Cacti,16,35.22,0.4375,0.0,True
2024,3SUusuA9jH1v6PVwtYMbdv,Last Nite,The Strokes,Is This It,82,137.85,0.4512,0.061,True
2024,4F1AgKpuFRMLEgtPETVwZk,You've Got To Hide Your Love Away - Remastered 2009,The Beatles,Help!,68,126.97,0.1324,0.0147,True
2024,7hm4HTk9encxT0LYC0J6oI,Someday,The Strokes,Is This It,49,81.31,0.4286,0.0816,True
2024,0OM9ri37LIbPc9hffwsyb1,Hard To Explain,The Strokes,Is This It,43,72.97,0.5116,0.0465,True
2024,2BIfG6wL1t5wk1KixoK2BV,Chicago,flipturn,Heavy Colors,40,150.2,0.275,0.025,True
2024,415dK4glwDO7fXxYg3np8B,Pictures of Girls,Wallows,Spring EP,32,74.27,0.3125,0.1875,True
2024,3iiObSfkcBsETljmSB4Hcs,When It Started,The Strokes,Is This It,31,48.24,0.4194,0.0,True
2024,4TTV7EcfroSLWzXRY6gLv6,Alexander Hamilton,Leslie Odom Jr.,Hamilton,31,60.48,0.3226,0.1935,True
2024,79DO6dBi8936P6EShLB209,Lightning Bolt,Jake Bugg,Jake Bugg,30,42.31,0.4667,0.0667,True
2024,0ewrI06EIDMGXvgJxuyF3U,Dearly Departed (feat. Esmé Patterson),Shakey Graves,And The War Came,29,71.01,0.2759,0.1379,True
2024,1420BGhbXGkIJtbtBlfpYE,The Modern Age,The Strokes,Is This It,29,68.85,0.3448,0.069,True
2024,4UmJMAY5TqXPAnsDW1Mci7,"Alone, Together",The Strokes,Is This It,27,74.67,0.1481,0.037,True
2024,57Xjny5yNzAcsxnusKmAfA,Reptilia,The Strokes,Room On Fire,27,36.9,0.5556,0.0741,True
2024,4dneV7C1yDt9UtyxrQY375,Boys Don't Cry - Single Version,The Cure,Three Imaginary Boys,25,35.87,0.4,0.04,True
2024,5rTIpPWeO0IL4HWlGWrz5G,Brianstorm,Arctic Monkeys,Favourite Worst Nightmare,25,25.04,0.6,0.12,True
2024,6gU7ohksNd6LsEJMWfDRhp,Soma,The Strokes,Is This It,25,36.71,0.44,0.04,True
2024,1MHYAqWWdDRePmnqORynrq,Kathleen,Catfish and the Bottlemen,The Balcony,24,17.21,0.75,0.0417,True
2024,6VnpKLtfNH4Dk09YSGPSyR,It Ain't Over 'Til It's Over,Lenny Kravitz,Mama Said,24,58.01,0.2917,0.0417,True
2024,0qRR9d89hIS0MHRkQ0ejxX,Rich Girl,Daryl Hall & John Oates,Bigger Than Both Of Us,23,34.8,0.3043,0.087,True
2024,21Ay8Y9Pr91nSauPGtK6MW,Barely Legal,The Strokes,Is This It,23,56.21,0.3478,0.1304,True
2024,0seTertVGvHrEJu7hlIWRq,Take It Or Leave It,The Strokes,Is This It,22,49.54,0.2727,0.0,True
2024,5HjqXQPZi27d92H5gCo1Oq,Making Breakfast,Twin Peaks,Wild Onion,22,26.17,0.5,0.0,True
2024,0jBE7Fn78EAvmIs3dCd6GO,Is This It,The Strokes,Is This It,21,27.4,0.4762,0.0476,True
2024,1FvDJ9KGxcqwv1utyPL3JZ,This Charming Man - 2011 Remaster,The Smiths,The Smiths,21,20.61,0.619,0.0,True
2024,2EEinN4Zk8MUv4OQuLsTBj,Age of Consent - 2015 Remaster,New Order,Power Corruption and Lies,21,60.76,0.4762,0.0,True
2024,2gNfxysfBRfl9Lvi9T3v6R,Disciples,Tame Impala,Currents,21,12.53,0.6667,0.0476,True
2024,3zYpRGnnoegSpt3SguSo3W,Off the Wall,Michael Jackson,Off the Wall,21,66.39,0.0952,0.1429,True
2024,4IU1RL4BKvFyXtbTwaHAvW,Ventura Highway,America,Homecoming,21,27.25,0.5238,0.0952,True
2024,4kiMvD7yPec5viFrCQDiYK,Henrietta,The Fratellis,Costello Music,20,23.36,0.5,0.05,True
2024,5KupfEBaVJwL7D2ZN0n1Q1,Trying Your Luck,The Strokes,Is This It,20,52.69,0.2,0.0,True
2024,0bRXwKfigvpKZUurwqAlEh,Lovely Day,Bill Withers,Menagerie,19,56.53,0.2632,0.0526,True
2024,1YrnDTqvcnUKxAIeXyaEmU,How Soon Is Now? - 2011 Remaster,The Smiths,Hatful of Hollow,19,44.15,0.5789,0.0,True
2024,4m3uMuu1gYYjZPtZvTOe6t,Orgasm of Death,The Growlers,Casual Acquaintances,19,54.07,0.2632,0.0,True
2024,6PuoZT4kgw5DrUEdnQ6e01,This Must Be The Place,Sure Sure,Sure Sure,19,45.66,0.2632,0.0,True
2024,7zMUCLm1TN9o9JlLISztxO,Burning Love,Elvis Presley,Elvis (Fool),19,51.06,0.0,0.0,True
2024,11zf7m4vw9Ze7cer9Nyhk1,Pleaser,Wallows,Pleaser,18,20.83,0.5,0.0,True
2024,3KfbEIOC7YIv90FIfNSZpo,In My Life - Remastered 2009,The Beatles,Rubber Soul,18,24.26,0.3889,0.0556,True
2024,582EVyAFKmKPa1bVPSDurJ,Two Fingers,Jake Bugg,Jake Bugg,18,37.9,0.2778,0.0,True
2024,7FwBtcecmlpc1sLySPXeGE,Dancing In the Dark,Bruce Springsteen,Born In The U.S.A.,18,57.63,0.1111,0.1111,True
2024,7oOOI85fVQvVnK5ynNMdW7,Rock with You - Single Version,Michael Jackson,Off the Wall,18,33.53,0.5,0.1111,True
2024,2nGFzvICaeEWjIrBrL2RAx,Put Your Records On,Corinne Bailey Rae,Corinne Bailey Rae,17,49.9,0.1765,0.0588,True
2024,31u6rUeIEXGrYVoh10U7eu,Leave It In My Dreams,The Voidz,Virtue,17,31.71,0.4706,0.1176,True
2024,6O0xnpq8xNi4VNvS6yezHN,Plastic Soul,Mondo Cozmo,Plastic Soul,17,63.91,0.1176,0.4118,True
2024,2M7enaZSs1DRRjZscA4LAj,Reminiscing,The Buttertones,Buttertones,16,25.09,0.5,0.0625,True
2024,3ItzRpwvKtkDSNdRSjXu7Z,Chelsea Dagger,The Fratellis,Costello Music,16,20.84,0.5625,0.0625,True
2024,4mvPRLDf0ZedTzzXaXEavJ,Listen to Your Friends,Declan McKenna,What Do You Think About the Car?,16,20.42,0.6875,0.0625,True
2024,7EqpEBPOohgk7NnKvBGFWo,Wait for It,Leslie Odom Jr.,Hamilton,16,16.46,0.6875,0.0625,True
2024,0nCAVzknkzRXRgB6LhRv04,Molly's Chambers,Kings of Leon,Youth And Young Manhood,15,16.94,0.4,0.0,True
2024,2qOm7ukLyHUXWyR4ZWLwxA,It Was A Good Day,Ice Cube,The Predator,15,35.97,0.3333,0.0,True
2024,4OkPamOn5GofkOQu64Z4eR,Teddy Picker,Arctic Monkeys,Favourite Worst Nightmare,15,31.35,0.3333,0.0,True
2024,4sNG6zQBmtq7M8aeeKJRMQ,Brazil,Declan McKenna,What Do You Think About the Car?,15,35.56,0.3333,0.0,True
2024,7CqleiaEqHVazV19P532X9,Life During Wartime - 2005 Remaster,Talking Heads,Fear of Music,15,36.75,0.3333,0.0,True
2024,0gEyKnHvgkrkBM6fbeHdwK,Linger,The Cranberries,"Everybody Else Is Doing It, So Why Can't We?",14,40.81,0.2857,0.0,True
2024,0grFc6klR3hxoHLcgCYsF4,Howlin' for You,The Black Keys,Brothers,14,18.32,0.5,0.2143,True
2024,3Y4rUyw7XBCK6hGHCOt6rp,"Call It Fate, Call It Karma",The Strokes,Comedown Machine,14,32.1,0.2857,0.3571,True
2024,4riDfclV7kPDT9D58FpmHd,Some,Steve Lacy,Some,14,16.82,0.3571,0.0,True
2024,5vmRQ3zELMLUQPo2FLQ76x,Smalltown Boy,Bronski Beat,The Age of Consent,14,19.33,0.6429,0.0714,True
2024,0LO7f7ZJg871B8hLTRzrfB,Julia,Mt. Joy,Mt. Joy,13,32.45,0.1538,0.0769,True
2024,1Y373MqadDRtclJNdnUXVc,Paranoid - 2012 - Remaster,Black Sabbath,Paranoid,13,28.91,0.1538,0.0769,True
2024,225xvV8r1yKMHErSWivnow,"I Don't Want to Miss a Thing - From ""Armageddon"" Soundtrack",Aerosmith,Armageddon - The Album,13,13.33,0.6923,0.4615,True
2024,31H6au3jhblhr6MMJiXnCq,"Hungry Eyes - From ""Dirty Dancing"" Soundtrack",Eric Carmen,The Definitive Collection,13,36.12,0.3846,0.0769,True
2024,76GlO5H5RT6g7y0gev86Nk,Just like Heaven,The Cure,"Kiss Me, Kiss Me, Kiss Me",13,23.88,0.4615,0.0,True
2024,0PDCewmZCp0P5s00bptcdd,This Will Be (An Everlasting Love),Natalie Cole,Inseparable,12,24.18,0.1667,0.0,True
2024,0z9dPcBhJvqO06QMaKelUE,Drunk on Halloween,Wallows,Drunk on Halloween,12,32.15,0.25,0.0833,True
2024,3IXRdLsQib8m0hBbQpe7T8,Hang Me Up To Dry,Cold War Kids,Robbers & Cowards,12,15.49,0.5833,0.1667,True
2024,3jp7Ryj1sX3riA7NQaVlLd,Whistle For The Choir,The Fratellis,Costello Music,12,23.49,0.4167,0.0833,True
2024,46eu3SBuFCXWsPT39Yg3tJ,Don't Stop 'Til You Get Enough,Michael Jackson,Off the Wall,12,40.46,0.3333,0.4167,True
2024,4MLBqAEzNN89o2M9h92Z26,Get Back - Remastered 2009,The Beatles,Let It Be,12,25.16,0.3333,0.1667,True
2024,5G1sTBGbZT5o4PNRc75RKI,Lonely Boy,The Black Keys,El Camino,12,14.19,0.5833,0.1667,True
2024,5HgAZuHFAU5qLLMYuIQkgq,Run Right Back,The Black Keys,El Camino,12,14.34,0.4167,0.1667,True
2024,5t1Eqjxu93ub0LiTgxZQOB,Flathead,The Fratellis,Costello Music,12,15.79,0.5833,0.0,True
2024,6xxXrNJnnsQNLdgNk8S4y8,Hate To Say I Told You So,The Hives,Veni Vidi Vicious,12,7.25,0.75,0.0,True
2024,7KwJrAQMoJyUEBes3evMLv,Orpheus Under the Influence,The Buttertones,Buttertones,12,4.87,0.8333,0.0,True
2024,7tZwFmarYtM2Yxy8IRW8wb,Baby Where You Are,Mountain Man,Magic Ship,12,11.13,0.6667,0.0833,True
2024,07CyrZF9eVd02zzIse7tZA,In Between Days - 2006 Remaster,The Cure,The Head on the Door,11,20.32,0.3636,0.0909,True
2024,19Ym5Sg0YyOCa6ao21bdoG,Gypsy,Fleetwood Mac,Greatest Hits,11,18.3,0.6364,0.0,True
2024,1i6N76fftMZhijOzFQ5ZtL,Psycho Killer - 2005 Remaster,Talking Heads,Talking Heads '77,11,19.12,0.5455,0.0909,True
2024,1pHP4JeQV9wDx87D6qH9hD,Here It Goes Again,OK Go,Oh No,11,7.39,0.7273,0.0909,True
2024,27qG9sy9FaxB7sd3pRMAAO,Jackie Wants a Black Eye,Dr. Dog,"Shame, Shame",11,19.01,0.4545,0.0,True
2024,4JpazKcfOhbwqZrsYhzHee,Jackie and Wilson,Hozier,Hozier (Expanded Edition),11,27.21,0.2727,0.0909,True
2024,4RvWPyQ5RL0ao9LPZeSouE,Everybody Wants To Rule The World,Tears For Fears,Songs From The Big Chair,11,12.86,0.7273,0.0909,True
2024,5lWRaa0fBxDE5yU91npPq7,Just A Girl,No Doubt,Tragic Kingdom,11,22.27,0.0909,0.0,True
2024,64D3dzWyj0GpQT1AHx4kbK,Panic - 2011 Remaster,The Smiths,Louder Than Bombs,11,10.0,0.6364,0.0,True
2024,6suRRwX61xSMfU7wJuCVdy,For Reasons Unknown,The Killers,Sam's Town,11,17.04,0.4545,0.0909,True
2024,7wmYgsLNRB9EpqpvR3hkvN,Problems III,The Growlers,Casual Acquaintances,11,26.13,0.2727,0.0,True
2024,0WQiDwKJclirSYG9v5tayI,There Is a Light That Never Goes Out - 2011 Remaster,The Smiths,The Queen Is Dead,10,19.8,0.5,0.0,True
2024,0zqmyB1prgGGiOS10sjH8A,"When They Fight, They Fight",Generationals,Con Law,10,16.38,0.4,0.0,True
2024,1qjrYozGqc7upUgfN776lZ,Sara Smile,Daryl Hall & John Oates,Daryl Hall & John Oates (The Silver Album),10,12.83,0.6,0.1,True
2024,25YlltWXRb9k7KbrEBRuhJ,Lo/Hi,The Black Keys,"""Let's Rock""",10,23.06,0.2,0.2,True
2024,2AX5E86cn9n2dgioZEjirI,Golden Brown,The Stranglers,La Folie,10,20.94,0.3,0.1,True
2024,3mYCd23hPxJW5okSvMoy3x,Heart In a Cage,The Strokes,First Impressions Of Earth,10,17.14,0.5,0.1,True
2024,3mlMpmY8oZIBFc39D9zLbh,The Long And Winding Road - Remastered 2009,The Beatles,Let It Be,10,19.36,0.4,0.4,True
2024,45QyGXbqTWaFUrIKe2ugs3,D Is for Dangerous,Arctic Monkeys,Favourite Worst Nightmare,10,9.43,0.6,0.1,True
2024,6K4t31amVTZDgR3sKmwUJJ,The Less I Know The Better,Tame Impala,Currents,10,18.11,0.5,0.2,True
2024,6Yu1OL8I0D4vjOzYdsXYGK,12:51,The Strokes,Room On Fire,10,7.91,0.7,0.0,True
2024,6squXSZ3rl7tENdZiOuIEj,Here In My Arms,Leon Bridges,Coming Home,10,16.35,0.2,0.4,True
2024,6yCjhDzcVIfxvTjBKhhn7P,Sunday Morning,No Doubt,Tragic Kingdom,10,25.02,0.3,0.1,True
2024,6zeDYmP3ARpURvpK29Q09P,Someday,Sugar Ray,14:59,10,10.41,0.7,0.0,True
2024,7MBSbBrx0TvBYyKEcpGcJb,Sweet Marie,The Walters,Young Men,10,13.27,0.3,0.0,True
2024,7m7V3K1yHLfJB2Sx9FKinU,Just to Hear You Say That You Love Me (with Tim McGraw),Faith Hill,Faith,10,13.73,0.7,0.1,True
2025,6Qb7gtV6Q4MnUjSbkFcopl,50 Ways to Leave Your Lover,Paul Simon,Still Crazy After All These Years,31,47.09,0.4516,0.0968,True
2025,4TTV7EcfroSLWzXRY6gLv6,Alexander Hamilton,Leslie Odom Jr.,Hamilton,24,11.5,0.7083,0.0417,True
2025,6L0BBPYeWnaQJeDa0ox0IA,Impossible Germany,Wilco,Sky Blue Sky,21,75.25,0.4286,0.0,True
2025,7G7tgVYORlDuVprcYHuFJh,Don't Dream It's Over,Crowded House,Crowded House,21,48.43,0.2381,0.1429,True
2025,1Omt5bfz1tZUCqd26HxbS0,Beyond,Leon Bridges,Good Thing,19,48.92,0.1579,0.1053,True
2025,1Wrzhfa5bNlqvsnCztz190,Devuélveme a mi chica,Hombres G,Hombres G,16,39.06,0.0625,0.0,True
2025,7FwBtcecmlpc1sLySPXeGE,Dancing In the Dark,Bruce Springsteen,Born In The U.S.A.,16,35.45,0.375,0.125,True
2025,0P09TBGSKiQwfUsEh1UafT,The World Was Wide Enough,Leslie Odom Jr.,Hamilton,15,27.22,0.4667,0.0,True
2025,1oTHteQbmJw15rPxPVXUTv,Insane in the Brain,Cypress Hill,Black Sunday,13,41.78,0.0769,0.0769,True
2025,2BIfG6wL1t5wk1KixoK2BV,Chicago,flipturn,Heavy Colors,13,40.3,0.3846,0.3077,True
2025,79DO6dBi8936P6EShLB209,Lightning Bolt,Jake Bugg,Jake Bugg,13,13.79,0.5385,0.1538,True
2025,1CsMuJeMzRqNgS7G0fo1Gv,How to Fight Loneliness,Wilco,Summerteeth,12,24.48,0.4167,0.0,True
2025,1LzNfuep1bnAUR9skqdHCK,Fade Into You,Mazzy Star,So Tonight That I Might See,12,23.16,0.3333,0.0,True
2025,2W9u3whoCkQYOUbmnSrHi1,What'd I Miss,Daveed Diggs,Hamilton,12,12.11,0.6667,0.0,True
2025,4kiMvD7yPec5viFrCQDiYK,Henrietta,The Fratellis,Costello Music,12,17.4,0.5,0.0833,True
2025,5773KSWFzg9kCc8yazjbSt,Deceptacon,Le Tigre,Le Tigre,12,15.97,0.4167,0.3333,True
2025,7EqpEBPOohgk7NnKvBGFWo,Wait for It,Leslie Odom Jr.,Hamilton,12,6.84,0.8333,0.1667,True
2025,2sEq2rC3ynYsT49x7utWnd,Dear Theodosia,Leslie Odom Jr.,Hamilton,11,6.87,0.8182,0.0,True
2025,5HgAZuHFAU5qLLMYuIQkgq,Run Right Back,The Black Keys,El Camino,11,27.21,0.1818,0.0,True
2025,5rTIpPWeO0IL4HWlGWrz5G,Brianstorm,Arctic Monkeys,Favourite Worst Nightmare,11,16.03,0.4545,0.0909,True
2025,6O0xnpq8xNi4VNvS6yezHN,Plastic Soul,Mondo Cozmo,Plastic Soul,10,23.57,0.4,0.3,True
2025,3AJwUDP919kvQ9QcozQPxg,Yellow,Coldplay,Parachutes,9,13.0,0.5556,0.5556,True
2025,4m3uMuu1gYYjZPtZvTOe6t,Orgasm of Death,The Growlers,Casual Acquaintances,9,11.41,0.6667,0.1111,True
2025,5NQYyej46WQkgCbnzGD21W,Dear Prudence - Remastered 2009,The Beatles,The Beatles,9,21.67,0.4444,0.0,True
2025,0LpHC9mhPAQC98IjXZIrif,The Election of 1800,Daveed Diggs,Hamilton,8,15.72,0.5,0.125,True
2025,0qxYx4F3vm1AOnfux6dDxP,You Can Call Me Al,Paul Simon,Graceland (25th Anniversary Deluxe Edition),8,14.83,0.5,0.0,True
2025,0u3U5RQBk1VHOnVfuBd2BF,Teenage Dream,T. Rex,Scott Pilgrim vs. the World (Original Motion Picture Soundtrack),8,5.51,0.875,0.0,True
2025,2B4Y9u4ERAFiMo13XPJyGP,"Here, There And Everywhere - Remastered 2009",The Beatles,Revolver,8,1.21,1.0,0.5,True
2025,2lwwrWVKdf3LR9lbbhnr6R,Float On,Modest Mouse,Good News For People Who Love Bad News,8,15.28,0.25,0.0,True
2025,2tznHmp70DxMyr2XhWLOW0,Cigarette Daydreams,Cage The Elephant,Melophobia,8,21.0,0.25,0.0,True
2025,4F1AgKpuFRMLEgtPETVwZk,You've Got To Hide Your Love Away - Remastered 2009,The Beatles,Help!,8,5.87,0.625,0.5,True
2025,4JpazKcfOhbwqZrsYhzHee,Jackie and Wilson,Hozier,Hozier (Expanded Edition),8,22.42,0.25,0.125,True
2025,0ZiGRciYMWrDvCPNM0T21o,big fat mouth,Arlie,Wait,7,18.31,0.2857,0.7143,True
2025,0ofHAoxe9vBkTCp2UQIavz,Dreams - 2004 Remaster,Fleetwood Mac,Rumours,7,20.51,0.1429,0.1429,True
2025,2BY7ALEWdloFHgQZG6VMLA,Brandy (You're a Fine Girl),Looking Glass,Looking Glass,7,10.32,0.2857,0.1429,True
2025,0NfdbvWFwlVMA183QibxCB,Me Vale,Maná,¿Dónde Jugarán Los Niños?,6,7.51,0.5,0.0,True
2025,0qRR9d89hIS0MHRkQ0ejxX,Rich Girl,Daryl Hall & John Oates,Bigger Than Both Of Us,6,8.78,0.3333,0.1667,True
2025,12q3V8ShACq2PSWINMc2rC,It's Too Late,Carole King,Tapestry,6,10.68,0.5,0.1667,True
2025,1H7gMYGykdtwZOV6s1N0by,Norwegian Wood (This Bird Has Flown) - Remastered 2009,The Beatles,Rubber Soul,6,5.91,0.6667,0.3333,True
2025,1Jmqubf9kGkWeYQXQKImL5,People Are Strange,The Doors,Strange Days,6,6.12,0.3333,0.0,True
2025,1YrnDTqvcnUKxAIeXyaEmU,How Soon Is Now? - 2011 Remaster,The Smiths,Hatful of Hollow,6,14.1,0.6667,0.0,True
2025,1gpBDeONibvJyQYEv5HJh9,Drop the Guillotine,Peach Pit,Being So Normal,6,7.66,0.6667,0.0,True
2025,1yKu2MhpwzDXXH2tzG6xoa,Beverly Hills,Weezer,Make Believe,6,9.25,0.3333,0.0,True
2025,207qLd1ovrqfYVBBDrNMUM,Dance This Mess Around,The B-52's,The B-52's,6,11.02,0.3333,0.0,True
2025,2MLHyLy5z5l5YRp7momlgw,Island In The Sun,Weezer,Weezer,6,14.58,0.1667,0.0,True
2025,31u6rUeIEXGrYVoh10U7eu,Leave It In My Dreams,The Voidz,Virtue,6,15.85,0.3333,0.0,True
2025,37zuIvk4KBkAxxLJsxJaHq,Would That I,Hozier,"Wasteland, Baby!",6,4.95,0.8333,0.0,True
2025,3EK4tGkSiO5xvvB5sM4tln,Amárrame,Mon Laferte,La Trenza,6,9.27,0.5,0.6667,True
2025,4MTNJQ4reRfe0L96z1UAM4,O Katrina!,Black Lips,Scott Pilgrim vs. the World (Original Motion Picture Soundtrack),6,3.39,0.8333,0.0,True
2025,4ZoBC5MhSEzuknIgAkBaoT,My Life,Billy Joel,52nd Street,6,14.17,0.5,0.0,True
2025,5RsUlxLto4NZbhJpqJbHfN,Jessie's Girl,Rick Springfield,Working Class Dog,6,18.22,0.0,0.1667,True
2025,5ovcVaOus1Wv4vTtyGXlhB,Either Way,Wilco,Sky Blue Sky,6,12.5,0.3333,0.1667,True
2025,5zA8vzDGqPl2AzZkEYQGKh,Uptown Girl,Billy Joel,An Innocent Man,6,10.35,0.5,0.1667,True
2025,6OiRh4kttAs1YWglvTcYkB,Alrighty Aphrodite,Peach Pit,Being So Normal,6,0.44,1.0,0.3333,True
2025,6tunhVGD8C05MZNjSVIsjw,It Never Rains in Southern California,Albert Hammond,It Never Rains In Southern California,6,11.4,0.3333,0.0,True
2025,01MBhRpvFkbeRwAp7gcF2W,E-Pro,Beck,Guero,5,6.81,0.6,0.0,True
2025,01SfTM5nfCou5gQL70r6gs,Golden Slumbers - Remastered 2009,The Beatles,Abbey Road,5,0.44,1.0,0.4,True
2025,0Bi1yywe4x2EpWgcuCZ1Hb,Bittersweet Symphony - Jim Eno Sessions,Mondo Cozmo,Spotify Singles,5,11.57,0.6,0.2,True
2025,0VXp4zDspR993l2hIKW17g,Anthems For A Seventeen Year-Old Girl,Broken Social Scene,You Forgot It In People,5,4.85,0.8,0.0,True
2025,0gEyKnHvgkrkBM6fbeHdwK,Linger,The Cranberries,"Everybody Else Is Doing It, So Why Can't We?",5,6.76,0.6,0.6,True
2025,11zf7m4vw9Ze7cer9Nyhk1,Pleaser,Wallows,Pleaser,5,4.21,0.6,0.0,True
2025,19Ym5Sg0YyOCa6ao21bdoG,Gypsy,Fleetwood Mac,Greatest Hits,5,13.31,0.4,0.0,True
2025,1OYOLWqKmhkFIx2KC9ek1a,Colors of the Wind,Judy Kuhn,Pocahontas,5,12.63,0.2,0.0,True
2025,1OppEieGNdItZbE14gLBEv,You Can't Hurry Love,The Supremes,The Supremes A' Go-Go,5,6.24,0.4,0.0,True
2025,2M7enaZSs1DRRjZscA4LAj,Reminiscing,The Buttertones,Buttertones,5,5.02,0.6,0.0,True
2025,31H6au3jhblhr6MMJiXnCq,"Hungry Eyes - From ""Dirty Dancing"" Soundtrack",Eric Carmen,The Definitive Collection,5,15.13,0.0,0.6,True
2025,3KfbEIOC7YIv90FIfNSZpo,In My Life - Remastered 2009,The Beatles,Rubber Soul,5,5.18,0.6,0.2,True
2025,3PQEaRs2JEwtk79IqbQYt1,Blue Monday '88 - 2015 Remaster,New Order,Singles,5,4.99,0.8,0.2,True
2025,3QIoEi8Enr9uHffwInGIsC,Please Come Home for Christmas - 2013 Remaster,Eagles,Please Come Home for Christmas / Funky New Year,5,13.21,0.4,0.0,True
2025,3X7uFMzJrEE0sxn62qd8Ch,Nothing's Gonna Stop Us Now,Starship,No Protection,5,5.56,0.6,0.0,True
2025,3dVQcur9BPd2yrDEx6wMRH,Killer Diller Blues - Music from The American Epic Sessions,Alabama Shakes,Killer Diller Blues,5,8.85,0.2,0.0,True
2025,3jp7Ryj1sX3riA7NQaVlLd,Whistle For The Choir,The Fratellis,Costello Music,5,8.63,0.4,0.0,True
2025,45WX2cfbL8bCIqv3rOq1G3,I'll Follow The Sun - Remastered 2009,The Beatles,Beatles For Sale,5,5.99,0.2,0.0,True
2025,4UF1eupXP9Zz5GpYepyOxI,Razorblade,The Strokes,First Impressions Of Earth,5,0.25,1.0,1.0,True
2025,4cQrSREMqBSvJ8ZzBZjVb8,Mile High (feat. Travis Scott & Metro Boomin),James Blake,Assume Form,5,6.85,0.4,0.0,True
2025,5FlBGGwGuqYmqr0qeBWrxe,Five to One,The Doors,Waiting for the Sun,5,11.96,0.4,0.0,True
2025,5RgFlk1fcClZd0Y4SGYhqH,She's Always a Woman,Billy Joel,The Stranger (Legacy Edition),5,3.61,0.8,0.0,True
2025,5ihS6UUlyQAfmp48eSkxuQ,Landslide,Fleetwood Mac,Fleetwood Mac,5,10.05,0.4,0.4,True
2025,6xE6ZWzK1YDDSYzqOCoQlz,Last Train to London,Electric Light Orchestra,Discovery,5,13.97,0.4,0.0,True
2025,7L3b6iaVhDVjfo52Hbvh9Z,Edge of Seventeen - 2016 Remaster,Stevie Nicks,Bella Donna,5,2.11,0.8,0.0,True
2025,7dSCxR4LqkmxoBrq9MzVSD,Psycho Killer,Talking Heads,Talking Heads '77,5,5.38,0.6,0.0,True
2025,7iN1s7xHE4ifF5povM6A48,Let It Be - Remastered 2009,The Beatles,Let It Be,5,4.22,0.8,0.8,True
2025,0elCmyfISzkP5tAYTVuYjS,August,flipturn,Citrona,4,2.58,0.75,0.0,True
2025,0gmGBCJ5XhOmoNR37MmxEE,So What'Cha Want - Remastered 2009,Beastie Boys,Check Your Head,4,10.71,0.25,0.25,True
2025,1c478uMN61yF2JOXXEtsdw,Spectrum (Say My Name) - Calvin Harris Remix,Florence + The Machine,Spectrum (Say My Name) EP,4,1.45,0.75,0.0,True
2025,1gFNm7cXfG1vSMcxPpSxec,"Ob-La-Di, Ob-La-Da - Remastered 2009",The Beatles,The Beatles,4,4.51,0.5,0.25,True
2025,1xOXXYh6lTW8laxlW7JP2J,Only the Good Die Young,Billy Joel,The Stranger (Legacy Edition),4,8.31,0.5,0.0,True
2025,20hQFBI3Fvene9YT75JUNM,Ramona,Beck,Scott Pilgrim vs. the World (Original Motion Picture Soundtrack),4,9.39,0.25,0.0,True
2025,2AMfSTT0oPLON96dztugKE,Pull Away,Leon Bridges,Coming Home,4,6.08,0.5,0.0,True
2025,2DNXgvkyv35vTWvdgjs7qn,Someone New,Hozier,Hozier (Expanded Edition),4,9.93,0.25,0.0,True
2025,2DnJjbjNTV9Nd5NOa1KGba,You're So Vain,Carly Simon,No Secrets,4,7.12,0.5,0.0,True
2025,2PuUFT13yCzUOZun94WOXv,Suite: Judy Blue Eyes - 2005 Remaster,"Crosby, Stills & Nash","Crosby, Stills & Nash",4,12.44,0.25,1.0,True
2025,2d3QlXE6FXFDeodiS66yjM,Weekend Friend,Goth Babe,Weekend Friend,4,7.04,0.5,0.0,True
2025,2fdMAIsNH4wY7RRda8aCfL,You and I,Wilco,Wilco (The Album),4,8.27,0.25,0.0,True
2025,2nGFzvICaeEWjIrBrL2RAx,Put Your Records On,Corinne Bailey Rae,Corinne Bailey Rae,4,10.79,0.25,0.0,True
2025,3AhXZa8sUQht0UEdBJgpGc,Like a Rolling Stone,Bob Dylan,Highway 61 Revisited,4,12.86,0.25,0.0,True
2025,3mwvKOyMmG77zZRunnxp9E,Buddy Holly,Weezer,Weezer,4,5.75,0.25,0.0,True
2025,415dK4glwDO7fXxYg3np8B,Pictures of Girls,Wallows,Spring EP,4,8.33,0.25,0.5,True
2025,4U45aEWtQhrm8A5mxPaFZ7,Vienna,Billy Joel,The Stranger (Legacy Edition),4,10.67,0.25,0.0,True
2025,4lY95OMGb9WxP6IYut64ir,Shake It Out,Florence + The Machine,Ceremonials,4,9.96,0.0,0.25,True
2026,0tuyEYTaqLxE41yGHSsXjy,Won't Go Home Without You,Maroon 5,It Won't Be Soon Before Long.,44,162.62,0.0,0.0,True
2026,7EqpEBPOohgk7NnKvBGFWo,Wait for It,Leslie Odom Jr.,Hamilton,22,59.07,0.1364,0.0,True
2026,5773KSWFzg9kCc8yazjbSt,Deceptacon,Le Tigre,Le Tigre,9,12.43,0.4444,0.2222,True
2026,37lotBTQcBbYI7vEoGsOfg,Under the Stars,Hans Zimmer,The Lion King,6,2.25,0.6667,0.6667,True
2026,7G7tgVYORlDuVprcYHuFJh,Don't Dream It's Over,Crowded House,Crowded House,6,11.98,0.5,0.0,True
2026,1LzNfuep1bnAUR9skqdHCK,Fade Into You,Mazzy Star,So Tonight That I Might See,5,19.18,0.4,0.0,True
2026,254bXAqt3zP6P50BdQvEsq,Everywhere - 2017 Remaster,Fleetwood Mac,Tango In the Night,5,7.12,0.6,0.0,True
2026,2Xb6wJYGi0QXwURw5WWvI5,Right Down the Line,Gerry Rafferty,City to City,5,17.91,0.2,0.0,True
2026,0L0T4tMAaGqLgIVj1MOj9t,Father Figure - Remastered,George Michael,Faith,4,11.31,0.5,0.0,True
2026,0dOg1ySSI7NkpAe89Zo0b9,Born in the U.S.A.,Bruce Springsteen,Born In The U.S.A.,4,4.87,0.75,0.0,True
2026,19Ym5Sg0YyOCa6ao21bdoG,Gypsy,Fleetwood Mac,Greatest Hits,4,4.48,0.75,0.0,True
2026,3PzsbWSQdLCKDLxn7YZfkM,I'm On Fire,Bruce Springsteen,Born In The U.S.A.,4,2.71,0.75,0.0,True
2026,4w3tQBXhn5345eUXDGBWZG,9 to 5,Dolly Parton,9 To 5 And Odd Jobs,4,6.57,0.25,0.0,True
2026,58uDCyprC3aa3x70fUv8dk,Monotonia,The Growlers,Monotonia,4,4.13,0.75,0.5,True
2026,5ovcVaOus1Wv4vTtyGXlhB,Either Way,Wilco,Sky Blue Sky,4,0.17,1.0,0.0,True
2026,6WCeFNVAXUtNczb7lqLiZU,Crocodile Rock,Elton John,Don't Shoot Me I'm Only The Piano Player,4,5.11,0.25,0.0,True
2026,6XxsaUGWRXc30HgewJ10M8,"Bitch, I Love You",Black Joe Lewis & The Honeybears,Black Joe Lewis & The Honeybears,4,0.08,1.0,0.0,True
2026,6gTrbqZnyljwXdYQTyBkSx,You Make Me Feel Like Dancing - Remastered,Leo Sayer,Endless Flight,4,6.56,0.5,0.0,True
2026,7FwBtcecmlpc1sLySPXeGE,Dancing In the Dark,Bruce Springsteen,Born In The U.S.A.,4,13.59,0.5,0.0,True
2026,1dvOwoHwZB9SwvRw2Gv3nz,To Binge (feat. Little Dragon),Gorillaz,Plastic Beach,3,0.12,1.0,0.3333,True
2026,2B4Y9u4ERAFiMo13XPJyGP,"Here, There And Everywhere - Remastered 2009",The Beatles,Revolver,3,2.51,0.6667,0.0,True
2026,2W9u3whoCkQYOUbmnSrHi1,What'd I Miss,Daveed Diggs,Hamilton,3,7.87,0.3333,0.0,True
2026,2nGFzvICaeEWjIrBrL2RAx,Put Your Records On,Corinne Bailey Rae,Corinne Bailey Rae,3,3.47,0.3333,0.0,True
2026,2sEq2rC3ynYsT49x7utWnd,Dear Theodosia,Leslie Odom Jr.,Hamilton,3,2.5,0.6667,0.0,True
2026,3B4q6KbHbGV51HO3GznBFF,What I Got,Sublime,Sublime,3,5.24,0.3333,0.0,True
2026,3yXC4ltez6LwFDh5Lk8k7v,King of Pride Rock,Hans Zimmer,The Lion King,3,0.46,1.0,0.3333,True
2026,5Anh8jULgeUgciLHCR25Mk,Like A Star,Corinne Bailey Rae,Corinne Bailey Rae,3,8.13,0.3333,0.0,True
2026,5E8yddtSG3sH4hw2SfwcgW,Can You Feel the Love Tonight,Joseph Williams,The Lion King,3,1.88,0.6667,0.6667,True
2026,5ihS6UUlyQAfmp48eSkxuQ,Landslide,Fleetwood Mac,Fleetwood Mac,3,5.79,0.3333,0.0,True
2026,6KEWtSOGKpIXGw6l1uJgsR,The Things We Do For Love,10cc,Deceptive Bends,3,0.1,1.0,0.0,True
2026,6txWz9UapYHVxEd7dDIHXT,No Rain,Blind Melon,Blind Melon,3,2.37,0.6667,1.0,True
2026,6xE6ZWzK1YDDSYzqOCoQlz,Last Train to London,Electric Light Orchestra,Discovery,3,13.63,0.0,0.0,True
2026,76GlO5H5RT6g7y0gev86Nk,Just like Heaven,The Cure,"Kiss Me, Kiss Me, Kiss Me",3,3.6,0.6667,0.0,True
2026,05wIrZSwuaVWhcv5FfqeH0,Walking On Sunshine,Katrina & The Waves,Katrina & The Waves,2,4.0,0.5,0.0,True
2026,0HU5JnVaKNTWf6GykV9Zn8,Circle of Life,Carmen Twillie,The Lion King,2,4.18,0.5,1.0,True
2026,0Ko9gGyOSjYxb71VBZotZW,Boss D.J.,Sublime,Robbin' The Hood,2,5.6,0.0,0.0,True
2026,0LpHC9mhPAQC98IjXZIrif,The Election of 1800,Daveed Diggs,Hamilton,2,3.95,0.5,0.0,True
2026,0WQiDwKJclirSYG9v5tayI,There Is a Light That Never Goes Out - 2011 Remaster,The Smiths,The Queen Is Dead,2,4.1,0.5,0.0,True
2026,0X5C4WjQNubRysTkHOubz3,Lovesong - 2010 Remaster,The Cure,Disintegration,2,3.56,0.5,0.0,True
2026,0l4tZquzNX3KM43B6iHY76,Paris Nights / New York Mornings,Corinne Bailey Rae,The Sea,2,0.01,1.0,0.0,True
2026,0mRQp2HsSqX1MZuMvonAPN,Let Me Roll It - 2010 Remaster,Paul McCartney,Band On The Run,2,4.2,0.0,0.0,True
2026,0odIT9B9BvOCnXfS0e4lB5,Bette Davis Eyes,Kim Carnes,Mistaken Identity,2,3.81,0.5,0.0,True
2026,0qRR9d89hIS0MHRkQ0ejxX,Rich Girl,Daryl Hall & John Oates,Bigger Than Both Of Us,2,4.82,0.5,0.0,True
2026,0qxtQ8rf3W1nId3D2r0xH4,I Just Can't Wait to Be King,Jason Weaver,The Lion King,2,0.13,1.0,1.0,True
2026,16VhHtoaOjTU4AJBNSBNQ1,"Hey, Hey, What Can I Do - Remaster",Led Zeppelin,Coda,2,0.14,1.0,0.0,True
2026,1Dr1fXbc2IxaK1Mu8P8Khz,When I Come Around,Green Day,Dookie,2,2.81,0.5,0.0,True
2026,1m3BAsNsQAaSNMD2M6vlKY,Breezin',George Benson,Breezin',2,5.85,0.5,0.0,True
2026,1p80LdxRV74UKvL8gnD7ky,Blank Space,Taylor Swift,1989,2,3.86,0.0,0.0,True
2026,1ynmMEK1fkyiZ6Z6F3ThEt,Centerfold,The J. Geils Band,Freeze Frame,2,3.66,0.5,0.0,True
2026,26Vcf2qFrnaa0pFJkGFh61,Sanctify,St. Paul & The Broken Bones,Sea of Noise,2,0.05,1.0,1.0,True
2026,2KH16WveTQWT6KOG9Rg6e2,Eye of the Tiger,Survivor,Rocky IV,2,0.25,1.0,0.0,True
2026,2T5Ch09nefwckOu5NQvjIk,Carolina in My Mind,James Taylor,Greatest Hits,2,3.24,0.5,0.0,True
2026,2wQN8tMYOHStr6Q61jh0IK,...To Die For,Hans Zimmer,The Lion King,2,0.09,1.0,0.5,True
2026,39lSeqnyjZJejRuaREfyLL,Hungry Like the Wolf - 2009 Remaster,Duran Duran,Rio,2,7.35,0.0,0.0,True
2026,39shmbIHICJ2Wxnk1fPSdz,Should I Stay or Should I Go - Remastered,The Clash,Combat Rock (Remastered),2,3.65,0.5,0.0,True
2026,3BdHMOIA9B0bN53jbE5nWe,Blue Light,Mazzy Star,So Tonight That I Might See,2,0.06,1.0,0.0,True
2026,3Cx4yrFaX8CeHwBMReOWXI,We Didn't Start the Fire,Billy Joel,Storm Front,2,0.13,1.0,0.0,True
2026,3MFa9idQuY4iJLWsZl3tIQ,Young Hearts Run Free,Candi Staton,Young Hearts Run Free,2,4.16,0.5,0.0,True
2026,3fbnbn6A5O5RNb08tlUEgd,Streets of Philadelphia - Single Edit,Bruce Springsteen,Greatest Hits,2,0.3,1.0,0.0,True
2026,3lh3iiiJeiBXHSZw6u0kh6,Into the Mystic - 2013 Remaster,Van Morrison,Moondance,2,5.92,0.0,0.0,True
2026,4JGKZS7h4Qa16gOU3oNETV,Dreams,The Cranberries,"Everybody Else Is Doing It, So Why Can't We?",2,0.09,1.0,0.0,True
2026,4M1lEbqPzlEw1JYWB6aE7K,Estoy Aquí,Shakira,Pies Descalzos,2,5.43,0.0,0.5,True
2026,4RExr9x20tvTxcAtCVVUJh,Last Cabaret,The Growlers,Casual Acquaintances,2,0.07,1.0,0.0,True
2026,4iwpCp7qdDLngGI3gsVTza,Miracle Aligner,The Last Shadow Puppets,Everything You've Come To Expect,2,3.9,0.5,0.0,True
2026,4kP69y3GKHi9tXckfgp4bK,For Once In My Life,Stevie Wonder,For Once In My Life,2,5.66,0.0,0.5,True
2026,4vDBJeeQCbhP9FaPPMsYkY,Give Me One Reason,Tracy Chapman,New Beginning,2,4.49,0.5,0.0,True
2026,4yqtwO7MQIIXqoiRBPHAgR,Money for Nothing,Dire Straits,Brothers in Arms,2,0.03,1.0,0.0,True
2026,5JwK7v6XhG0YgqDuCgzOy8,And She Was,Talking Heads,Little Creatures,2,3.67,0.5,0.0,True
2026,5QqyRUZeBE04yJxsD1OC0I,Summer Bummer (feat. A$AP Rocky & Playboi Carti),Lana Del Rey,Lust For Life,2,0.46,1.0,1.0,True
2026,5ZoDwIP1ntHwciLjydJ8X2,My Cherie Amour,Stevie Wonder,My Cherie Amour,2,2.9,0.5,0.0,True
2026,5dRQUolXAVX3BbCiIxmSsf,Your Love,The Outfield,Super Hits,2,1.67,0.5,0.0,True
2026,5e9TFTbltYBg2xThimr0rU,The Chain - 2004 Remaster,Fleetwood Mac,Rumours,2,0.08,1.0,0.0,True
2026,5k3U0OGYBccHdKJJu3HrUN,Hakuna Matata,Nathan Lane,The Lion King,2,0.04,1.0,0.5,True
2026,5l9c6bJmzvftumhz4TMPgk,Harvest Moon,Neil Young,Harvest Moon,2,0.05,1.0,0.0,True
2026,5qsm0eGh4vPXOOEKNrH6cX,Hold On Tight,Boney James,Send One Your Love,2,5.12,0.5,0.0,True
2026,6BrMEbPSSj55nQhkgf6DnE,"Please, Please, Please, Let Me Get What I Want - 2011 Remaster",The Smiths,Hatful of Hollow,2,0.09,1.0,0.0,True
2026,6GsP3uMCd0Dn5T37C93waZ,Sick Love,Red Hot Chili Peppers,The Getaway,2,4.92,0.0,0.0,True
2026,6JuEshIRliNXRU1LXctRjZ,Halah,Mazzy Star,She Hangs Brightly,2,1.65,0.5,0.0,True
2026,6L0BBPYeWnaQJeDa0ox0IA,Impossible Germany,Wilco,Sky Blue Sky,2,2.49,0.5,0.0,True
2026,6Qb7gtV6Q4MnUjSbkFcopl,50 Ways to Leave Your Lover,Paul Simon,Still Crazy After All These Years,2,2.24,0.5,0.5,True
2026,6g6FWPdAMf55CpmkoE7jF1,Invéntame,Mon Laferte,Invéntame,2,3.7,0.5,0.5,True
2026,6mYrhCAGWzTdF8QnKuchXM,If I Could Turn Back Time,Cher,Heart Of Stone,2,4.04,0.5,0.0,True
2026,7CqleiaEqHVazV19P532X9,Life During Wartime - 2005 Remaster,Talking Heads,Fear of Music,2,3.72,0.5,0.0,True
2026,7m8PDR3PRg5lPhWMdYrktc,Trouble Sleeping,Corinne Bailey Rae,Corinne Bailey Rae,2,3.68,0.5,0.0,True
2026,00Ci0EXS4fNPnkTbS6wkOh,Electric Love - Oliver Remix,BØRNS,Electric Love,1,0.05,1.0,0.0,True
2026,010ALbbh5KlQ4fKWgSdhRd,Look On Down From The Bridge,Mazzy Star,Among My Swan,1,0.06,1.0,0.0,True
2026,05f8Hg3RSfiPSCBQOtxl3i,When the Levee Breaks - Remaster,Led Zeppelin,Led Zeppelin IV,1,0.02,1.0,0.0,True
2026,07CyrZF9eVd02zzIse7tZA,In Between Days - 2006 Remaster,The Cure,The Head on the Door,1,0.03,1.0,0.0,True
2026,0AqjkVFqa1ujle4Lb1k9wR,The Ocean - Remaster,Led Zeppelin,Houses of the Holy,1,0.43,1.0,0.0,True
2026,0B1zVsLqmV9ibIFdNS5tGs,I Saw the Light,Todd Rundgren,Something / Anything?,1,0.04,1.0,0.0,True
2026,0EANX0OVKSCcmarY50Xa4p,Can You Feel the Love Tonight - End Title,Elton John,The Lion King,1,0.03,1.0,0.0,True
2026,0GTK6TesV108Jj5D3MHsYb,Owner of a Lonely Heart,Yes,90125,1,0.01,1.0,0.0,True
2026,0KMGxYKeUzK9wc5DZCt3HT,If You Leave Me Now,Chicago,Chicago X,1,0.54,0.0,0.0,True
2026,0OM9ri37LIbPc9hffwsyb1,Hard To Explain,The Strokes,Is This It,1,0.03,1.0,1.0,True
2026,0P09TBGSKiQwfUsEh1UafT,The World Was Wide Enough,Leslie Odom Jr.,Hamilton,1,3.32,0.0,0.0,True
2026,0PKmDncVOiNQLO6D1P6PXi,I Won't Say (I'm In Love),Susan Egan,Hercules,1,0.04,1.0,0.0,True
2026,0Ps4Eh6SQjeLnubbCsQTDD,Little Bit,Lykke Li,Youth Novels,1,4.56,0.0,0.0,True
2026,0QwZfbw26QeUoIy82Z2jYp,Good Times Bad Times - 1993 Remaster,Led Zeppelin,Led Zeppelin,1,0.04,1.0,0.0,True
2026,0W0euvQlhbcsTydzsD4EQk,Death Letter Blues,Son House,Father Of The Delta Blues: The Complete 1965 Sessions,1,1.96,0.0,1.0,True
2026,0X1sqQ652p1sceKM2nJlIJ,Runaway,Bon Jovi,Bon Jovi,1,0.07,1.0,0.0,True
